,LinReg(Time),LinReg(Acc),Poly(Time),Poly[Acc],Ridge(Time),Ridge(Acc),lasso(Time),lasso(Acc)
0,0.0,0.7273881347643563,,,0.008004426956176758,0.7273881347643563,0.0,0.7265846558544322
1,0.008006811141967773,0.7538158218280907,,,0.0,0.7538158218280907,0.0,0.7565584531721105
2,0.008002758026123047,0.7770293235402175,,,0.0,0.7770293235402175,0.0,0.7783068709768693
3,0.0,0.6508036256547665,,,0.0,0.6508036256547665,0.0,0.6514662549727598
4,0.0,0.7078496701081123,,,0.0,0.7078496701081123,0.008002996444702148,0.709416724906728
5,0.0,0.7039488320845043,,,0.0,0.7039488320845043,0.0,0.7054217741946293
6,0.0,0.6796711662884188,,,0.0,0.6796711662884188,0.0,0.6797228746757449
7,0.0,0.7328552769695085,,,0.0,0.7328552769695085,0.0,0.7351657021964928
8,0.0,0.7487908576263184,,,0.0,0.7487908576263184,0.0,0.7478664966523167
9,0.0,0.7333118431062089,,,0.0,0.7333118431062089,0.0,0.7306097101249628
10,0.008017301559448242,0.6632682061784263,,,0.0,0.6632682061784263,0.0,0.6635574911577453
11,0.0,0.7325705124194091,,,0.0,0.7325705124194091,0.0,0.7332663399405468
12,0.0,0.67669743145751,,,0.0,0.67669743145751,0.0,0.6727379669684264
13,0.0,0.667680179585945,,,0.0,0.667680179585945,0.0,0.6662686637401767
14,0.0,0.7253498828249274,,,0.0,0.7253498828249274,0.0,0.725546584363672
15,0.0,0.6698412024166763,,,0.0,0.6698412024166763,0.0,0.6716255330427179
16,0.0,0.7327711735417612,,,0.008000373840332031,0.7327711735417612,0.0,0.7326241494058277
17,0.0,0.6321992590156044,,,0.0,0.6321992590156044,0.0,0.6292352741735768
18,0.0,0.6772414465355681,,,0.0,0.6772414465355681,0.0,0.6749249529834818
19,0.0,0.7485936157730636,,,0.0,0.7485936157730636,0.0,0.750401516281028
20,0.0,0.7838072084667946,,,0.0,0.7838072084667946,0.0,0.7854839920672188
21,0.0,0.7459191294734793,,,0.0,0.7459191294734793,0.0,0.7451042993553862
22,0.0,0.6399134579905297,,,0.015628576278686523,0.6399134579905297,0.0,0.6397050539833846
23,0.0,0.7295853196293371,,,0.0,0.7295853196293371,0.0,0.7293846262314158
24,0.0,0.7596876921615134,,,0.0,0.7596876921615134,0.0,0.7569120521158006
25,0.0,0.7373685572256916,,,0.0,0.7373685572256916,0.0,0.7398553473919041
26,0.0,0.6426569921536796,,,0.0,0.6426569921536796,0.0,0.6414096645708383
27,0.0,0.748823957252206,,,0.0,0.748823957252206,0.0,0.7531813689074643
28,0.0,0.7066249435555665,,,0.0,0.7066249435555665,0.0,0.7056394878651207
29,0.0,0.6844620469822625,,,0.0,0.6844620469822625,0.0,0.6835862287443883
30,0.0,0.7629621029239737,,,0.0,0.7629621029239737,0.01562952995300293,0.7648018304148727
31,0.0,0.7993485700502828,,,0.0,0.7993485700502828,0.0,0.8005025932673587
32,0.0,0.6751137521506951,,,0.0,0.6751137521506951,0.0,0.6815479968430855
33,0.0,0.6982668712149775,,,0.0,0.6982668712149775,0.0,0.6983632065112964
34,0.0,0.7232505423589107,,,0.01562952995300293,0.7232505423589107,0.0,0.7248015601250992
35,0.0,0.7133208682588222,,,0.0,0.7133208682588222,0.0,0.7112695095851855
36,0.0,0.7935646619314562,,,0.0,0.7935646619314562,0.0,0.7948560598010742
37,0.0,0.6504450125528092,,,0.0,0.6504450125528092,0.0,0.6513195648782946
38,0.0,0.5222332665447682,,,0.0,0.5222332665447682,0.0,0.5184114711945519
39,0.0,0.6723768143735684,,,0.0,0.6723768143735684,0.0,0.6682549539079732
40,0.0,0.688272177722575,,,0.0,0.688272177722575,0.0,0.6892075071085791
41,0.0,0.705764228657931,,,0.0,0.705764228657931,0.0,0.7063516646902459
42,0.0,0.7748991627724776,,,0.0,0.7748991627724776,0.0,0.7749810510328482
43,0.0,0.6556593647247413,,,0.0,0.6556593647247413,0.0,0.6569886056234268
44,0.0,0.6129729269965601,,,0.0,0.6129729269965601,0.0,0.6103751567040507
45,0.0,0.7020447567036726,,,0.0,0.7020447567036726,0.0,0.7009612594705881
46,0.0,0.7279714520086853,,,0.0,0.7279714520086853,0.0,0.7284429235483457
47,0.0,0.765938959838219,,,0.0,0.765938959838219,0.0,0.7653537298610792
48,0.0,0.6883309598347416,,,0.0,0.6883309598347416,0.0,0.6873267550463737
49,0.0,0.6906305260142513,,,0.0,0.6906305260142513,0.0,0.6929231720573448
50,0.0,0.7887738105751416,,,0.0,0.7887738105751416,0.01562952995300293,0.7897187322988145
51,0.0,0.8056646595499621,,,0.0,0.8056646595499621,0.0,0.8063213884419371
52,0.0,0.7478456812193885,,,0.0,0.7478456812193885,0.0,0.7485964594211402
53,0.0,0.7240635215954592,,,0.0,0.7240635215954592,0.0,0.7251952728812356
54,0.0,0.7150649085390959,,,0.0,0.7150649085390959,0.0,0.7144827793198856
55,0.0,0.72813303214246,,,0.015637636184692383,0.72813303214246,0.0,0.7320625902182277
56,0.0,0.7331344356836169,,,0.0,0.7331344356836169,0.0,0.7341809758440156
57,0.0,0.7789529484553046,,,0.0,0.7789529484553046,0.01562976837158203,0.777894962760335
58,0.0,0.7086607839807204,,,0.0,0.7086607839807204,0.0,0.7087916427450084
59,0.0,0.6550187305882358,,,0.012044906616210938,0.6550187305882358,0.0,0.6544806462278787
60,0.0,0.719134849737201,,,0.0,0.719134849737201,0.0,0.7217266107780063
61,0.0,0.5631935303104549,,,0.0,0.5631935303104549,0.0,0.5602769618369292
62,0.0,0.6065743801217809,,,0.0,0.6065743801217809,0.0,0.6051023838204528
63,0.0,0.7669843559766429,,,0.0,0.7669843559766429,0.0,0.7670141793842522
64,0.0,0.6868693212108402,,,0.0,0.6868693212108402,0.0,0.6857172859339161
65,0.0,0.6760553707662429,,,0.0,0.6760553707662429,0.0,0.6772223034254413
66,0.0,0.6947428698429092,,,0.0,0.6947428698429092,0.0,0.6960493394942229
67,0.015650510787963867,0.728985286914348,,,0.0,0.728985286914348,0.0,0.7280784924892217
68,0.0,0.58546946990783,,,0.0,0.58546946990783,0.0,0.5821859685871291
69,0.0,0.6580164083511555,,,0.0,0.6580164083511555,0.0,0.6556381711967079
70,0.0,0.7476954017045709,,,0.0,0.7476954017045709,0.0,0.749182372588334
71,0.0,0.6065693758303277,,,0.0,0.6065693758303277,0.0,0.6057444471477136
72,0.0,0.7809572940518275,,,0.0,0.7809572940518275,0.0,0.7816275165845981
73,0.0,0.692459338879748,,,0.0,0.692459338879748,0.0,0.6944233512549846
74,0.0,0.7195005506384098,,,0.0,0.7195005506384098,0.0,0.7178647473122268
75,0.0,0.6742690262742641,,,0.0,0.6742690262742641,0.0,0.677318545881727
76,0.0,0.6806389848125188,,,0.0,0.6806389848125188,0.0,0.6775126382957615
77,0.0,0.7353212429919078,,,0.010017633438110352,0.7353212429919078,0.0,0.7349120984988158
78,0.0,0.7662581436608673,,,0.0060389041900634766,0.7662581436608673,0.0,0.7648241512489329
79,0.0,0.6729613718080555,,,0.0,0.6729613718080555,0.0,0.6746290708074533
80,0.0,0.5795423864237927,,,0.0,0.5795423864237927,0.01564311981201172,0.5784413430824944
81,0.0,0.676527627080391,,,0.0,0.676527627080391,0.0,0.6737559052096789
82,0.0,0.7129669869198132,,,0.0,0.7129669869198132,0.0,0.7144837641572
83,0.015634536743164062,0.6793577503890176,,,0.0,0.6793577503890176,0.0,0.6779250572793736
84,0.0,0.6812522737910409,,,0.0,0.6812522737910409,0.0,0.6771519178981249
85,0.0,0.6178309083647062,,,0.015649795532226562,0.6178309083647062,0.0,0.6194587331072731
86,0.0,0.6952055147998604,,,0.0,0.6952055147998604,0.0,0.6920607936116907
87,0.0,0.6512870387252989,,,0.0,0.6512870387252989,0.01563119888305664,0.6490223629643872
88,0.0,0.7621729027699982,,,0.0,0.7621729027699982,0.0,0.7643259662810027
89,0.0,0.7916967800984434,,,0.0,0.7916967800984434,0.0,0.791628818595046
90,0.015609025955200195,0.7353611741866859,,,0.0,0.7353611741866859,0.0,0.7359501603353547
91,0.0,0.7269547108933798,,,0.0,0.7269547108933798,0.0,0.7297435260172411
92,0.0,0.6721930399131275,,,0.0,0.6721930399131275,0.0,0.6696186536581337
93,0.0,0.7180687924979285,,,0.0,0.7180687924979285,0.0,0.7182229696182871
94,0.0,0.683337477037487,,,0.0,0.683337477037487,0.0,0.6832686473427869
95,0.0,0.7728791229126586,,,0.0,0.7728791229126586,0.0,0.7736418330436021
96,0.0,0.6191906891338721,,,0.0,0.6191906891338721,0.0,0.6183559695441072
97,0.0,0.745690491918875,,,0.015630483627319336,0.745690491918875,0.0,0.746680969826307
98,0.0,0.7099752360939053,,,0.0,0.7099752360939053,0.0,0.7105700939424731
99,0.0,0.6828979315220502,,,0.0,0.6828979315220502,0.0,0.6808410843217417
100,0.0,0.750182889992076,,,0.0,0.750182889992076,0.0,0.7500051294678199
101,0.0,0.7262584518653645,,,0.015625,0.7262584518653645,0.0,0.7273607479129165
102,0.0,0.793352342168542,,,0.0,0.793352342168542,0.0,0.7938636865806175
103,0.0,0.7343541223146248,,,0.0,0.7343541223146248,0.0,0.7361042272552119
104,0.0,0.7758016909460383,,,0.0,0.7758016909460383,0.0,0.7772920341243342
105,0.0,0.7363234958099952,,,0.0,0.7363234958099952,0.0,0.7414806281308131
106,0.0,0.6703254082493679,,,0.0,0.6703254082493679,0.0,0.6689995184685278
107,0.0,0.6359097389584654,,,0.0,0.6359097389584654,0.0,0.645525201399221
108,0.0,0.7422926813394684,,,0.0,0.7422926813394684,0.0,0.7447530198986074
109,0.0,0.6779627442320387,,,0.0,0.6779627442320387,0.0,0.6741333298970232
110,0.0,0.7475926807290414,,,0.0,0.7475926807290414,0.0,0.7453591648301336
111,0.0,0.6639440545891183,,,0.0,0.6639440545891183,0.0,0.6696323530021882
112,0.0,0.7524541097345253,,,0.0,0.7524541097345253,0.0,0.752359366443409
113,0.0,0.7426123148924588,,,0.0,0.7426123148924588,0.01562952995300293,0.7459285052640978
114,0.0,0.7547122963698338,,,0.0,0.7547122963698338,0.0,0.7550443265005359
115,0.0,0.7042870870985583,,,0.0,0.7042870870985583,0.0,0.7067909034297098
116,0.0,0.722481618572381,,,0.0,0.722481618572381,0.0,0.7230912581390354
117,0.0,0.7131302031829168,,,0.0,0.7131302031829168,0.0,0.7167421912696785
118,0.0,0.7049412754197613,,,0.0,0.7049412754197613,0.0,0.7045044196543397
119,0.0,0.7023199709979391,,,0.0,0.7023199709979391,0.0,0.7033250110492573
120,0.0,0.749455103198287,,,0.0,0.749455103198287,0.0,0.7498932678050104
121,0.0,0.6625961870160715,,,0.0,0.6625961870160715,0.0,0.6637516493224038
122,0.0,0.4979514384573984,,,0.0,0.4979514384573984,0.0,0.4938862267167169
123,0.0,0.74380736976551,,,0.0,0.74380736976551,0.0,0.7419645472342404
124,0.0,0.777438621563608,,,0.0,0.777438621563608,0.0,0.774006847879918
125,0.0,0.728216795122272,,,0.0,0.728216795122272,0.0,0.7293814099664656
126,0.0,0.6842424115676771,,,0.0,0.6842424115676771,0.0,0.6860139082179595
127,0.0,0.6845890524671994,,,0.0,0.6845890524671994,0.0,0.6801123895353982
128,0.015645980834960938,0.8056841122486339,,,0.0,0.8056841122486339,0.0,0.8076849723783042
129,0.0,0.8244328443339495,,,0.0,0.8244328443339495,0.0,0.8256934405330011
130,0.0,0.6955761454670506,,,0.0,0.6955761454670506,0.0,0.6941625277177761
131,0.0,0.766680681658166,,,0.0,0.766680681658166,0.0,0.7660351422226701
132,0.01562976837158203,0.6986653010037189,,,0.0,0.6986653010037189,0.0,0.698221878918615
133,0.0,0.7301201060994835,,,0.0,0.7301201060994835,0.0,0.7342606866112098
134,0.0,0.6626987514896413,,,0.0,0.6626987514896413,0.0,0.6682084425351187
135,0.0,0.7296411715516501,,,0.0,0.7296411715516501,0.0,0.7291102243222272
136,0.0,0.6572601536406484,,,0.015630722045898438,0.6572601536406484,0.0,0.6546399777101586
137,0.0,0.6616949625402959,,,0.0,0.6616949625402959,0.0,0.6668199898383835
138,0.0,0.7999997739315337,,,0.0,0.7999997739315337,0.0,0.8001702300750084
139,0.0,0.7511255115911252,,,0.0,0.7511255115911252,0.012538909912109375,0.7509543228745271
140,0.0,0.7962930877209011,,,0.0,0.7962930877209011,0.0,0.7949805694281292
141,0.0,0.6965612929547375,,,0.0,0.6965612929547375,0.0,0.6964596488575517
142,0.0,0.7246587557335176,,,0.0,0.7246587557335176,0.0,0.7239551876005874
143,0.0,0.72713486954741,,,0.0,0.72713486954741,0.0,0.7284226658703603
144,0.0,0.7556126242378035,,,0.0,0.7556126242378035,0.01566338539123535,0.7571767307543918
145,0.0,0.7255749253910523,,,0.0,0.7255749253910523,0.0,0.7272456443929141
146,0.0,0.6956136643166626,,,0.0,0.6956136643166626,0.0,0.6990880873604601
147,0.0,0.7025663087232179,,,0.0,0.7025663087232179,0.0,0.7060439592200876
148,0.0,0.6695380782452274,,,0.0,0.6695380782452274,0.015630483627319336,0.6677832693032009
149,0.0,0.7189454044173577,,,0.0,0.7189454044173577,0.0,0.7183903281392084
150,0.0,0.670149596464237,,,0.0,0.670149596464237,0.0,0.6724971630541423
151,0.0,0.7173755312073196,,,0.0,0.7173755312073196,0.0,0.7202371286694715
152,0.0,0.7515653311764139,,,0.0,0.7515653311764139,0.015630722045898438,0.7527785739689598
153,0.0,0.786585342259684,,,0.0,0.786585342259684,0.0,0.7891943946113387
154,0.0,0.7615222166472564,,,0.0,0.7615222166472564,0.0,0.7640332545316717
155,0.0,0.6734536988070097,,,0.0,0.6734536988070097,0.0,0.6712361104791689
156,0.0,0.6372637230515195,,,0.0,0.6372637230515195,0.015627384185791016,0.6373110692980805
157,0.0,0.730033297679761,,,0.0,0.730033297679761,0.0,0.7315544476943754
158,0.0,0.7649824970206095,,,0.0,0.7649824970206095,0.0,0.764207522129493
159,0.0,0.692316498222922,,,0.0,0.692316498222922,0.0,0.6915765777278018
160,0.0,0.7121703261114778,,,0.0,0.7121703261114778,0.0,0.7178394708272026
161,0.0,0.7168612295180596,,,0.0,0.7168612295180596,0.0,0.7169116463481382
162,0.0,0.7423205592136142,,,0.0,0.7423205592136142,0.0,0.7415641546736487
163,0.0,0.6744440217823953,,,0.0,0.6744440217823953,0.0,0.6758092810611909
164,0.0,0.4886633169400574,,,0.0,0.4886633169400574,0.0,0.486332738726865
165,0.0,0.7384256654750007,,,0.0,0.7384256654750007,0.0,0.7354234070667265
166,0.0,0.7270641661438613,,,0.0,0.7270641661438613,0.0,0.7249604164259833
167,0.0,0.7089958917416945,,,0.0,0.7089958917416945,0.0,0.7109701351093273
168,0.0,0.6953402266200523,,,0.0,0.6953402266200523,0.0,0.6953338172547674
169,0.0,0.6982345896985489,,,0.0,0.6982345896985489,0.0,0.7037200692523231
170,0.0,0.7444790957013478,,,0.0,0.7444790957013478,0.0,0.7430416527633887
171,0.0,0.7006023543431874,,,0.0,0.7006023543431874,0.01566290855407715,0.6990526837198612
172,0.0,0.7518495893817156,,,0.0,0.7518495893817156,0.0,0.7524562487072135
173,0.0,0.7283848250615816,,,0.0,0.7283848250615816,0.0,0.7267025698986522
174,0.0,0.7403923829975856,,,0.0,0.7403923829975856,0.0,0.7431595816630185
175,0.0,0.7707461450147016,,,0.0,0.7707461450147016,0.01562952995300293,0.7713773633652387
176,0.0,0.6792819708233383,,,0.0,0.6792819708233383,0.0,0.6804289492498925
177,0.0,0.6842317299926548,,,0.0,0.6842317299926548,0.0,0.6839272849934657
178,0.0,0.750920572661876,,,0.0,0.750920572661876,0.0,0.7542856714570384
179,0.0,0.7396043668345788,,,0.0,0.7396043668345788,0.0,0.7401620126791405
180,0.0,0.6694795154847013,,,0.0,0.6694795154847013,0.0,0.6730475242347282
181,0.0,0.6389976327762856,,,0.0,0.6389976327762856,0.0,0.6388169759788694
182,0.0,0.6526544242434897,,,0.0,0.6526544242434897,0.0,0.6557447188991938
183,0.0,0.7116281167939364,,,0.0,0.7116281167939364,0.0,0.71085905470304
184,0.0,0.6748901390347304,,,0.0,0.6748901390347304,0.0,0.6765750506300181
185,0.0,0.696616418477811,,,0.0,0.696616418477811,0.0,0.7016565244972748
186,0.0,0.7221957833333068,,,0.0,0.7221957833333068,0.0,0.7206442085198217
187,0.0,0.703386590362289,,,0.015630722045898438,0.703386590362289,0.0,0.7027277090272277
188,0.0,0.7323722092066176,,,0.0,0.7323722092066176,0.0,0.7335389987073639
189,0.0,0.6816069361203692,,,0.0,0.6816069361203692,0.0,0.6810949178685355
190,0.0,0.8222142796687161,,,0.0,0.8222142796687161,0.007517814636230469,0.8224432527674705
191,0.0,0.6848611132315392,,,0.0,0.6848611132315392,0.0,0.6881148493693663
192,0.0,0.813250011038628,,,0.0,0.813250011038628,0.0,0.8119798325743202
193,0.0,0.6653640248842059,,,0.0,0.6653640248842059,0.0,0.664441693683046
194,0.0,0.7286625291515015,,,0.0,0.7286625291515015,0.0,0.7283767563067122
195,0.0,0.7520834758663459,,,0.0,0.7520834758663459,0.0,0.7531678793833634
196,0.0,0.6811085788202544,,,0.0,0.6811085788202544,0.0,0.6805647560631315
197,0.0,0.6729798958825474,,,0.0,0.6729798958825474,0.0,0.6695308703001455
198,0.0,0.6854505935170945,,,0.0,0.6854505935170945,0.0,0.6893005002139394
199,0.0,0.6021505510321286,,,0.0,0.6021505510321286,0.0,0.5977476744915015
200,0.0,0.6949443944454616,,,0.0,0.6949443944454616,0.0,0.6956501234976239
201,0.0,0.7022429326246589,,,0.0,0.7022429326246589,0.0,0.7025228823667318
202,0.0,0.6848826223821495,,,0.0,0.6848826223821495,0.0,0.6806140346638978
203,0.0,0.6685609970554914,,,0.0,0.6685609970554914,0.0,0.6677783970849132
204,0.0,0.7291189687722316,,,0.0,0.7291189687722316,0.0,0.7297152583999202
205,0.0,0.7411781187202275,,,0.0,0.7411781187202275,0.0,0.7408329222376471
206,0.0,0.7538955180388026,,,0.0,0.7538955180388026,0.0,0.7543661612860362
207,0.0,0.5995560944487883,,,0.0,0.5995560944487883,0.0,0.5965287381734079
208,0.0,0.704126516391544,,,0.0,0.704126516391544,0.0,0.7047679184850959
209,0.0,0.6722769087318291,,,0.0,0.6722769087318291,0.0,0.6775577074183445
210,0.0,0.6029866506343678,,,0.0,0.6029866506343678,0.0,0.6023331940113865
211,0.0,0.7558023932367968,,,0.0,0.7558023932367968,0.0,0.7576840066658321
212,0.0,0.7282558700540209,,,0.0,0.7282558700540209,0.0,0.7305586719693244
213,0.0,0.6281407309176805,,,0.014513969421386719,0.6281407309176805,0.0015091896057128906,0.631836493328392
214,0.0,0.6720715892603608,,,0.0,0.6720715892603608,0.0,0.6723089622506435
215,0.0,0.7023033304104198,,,0.0,0.7023033304104198,0.0,0.7031591589469017
216,0.0,0.6349775016317143,,,0.0,0.6349775016317143,0.0,0.6364571474482147
217,0.0,0.7429198461287452,,,0.0,0.7429198461287452,0.0,0.7433490214939822
218,0.0,0.7446200944029153,,,0.0,0.7446200944029153,0.0,0.7451321659512012
219,0.0,0.7100300060398319,,,0.0,0.7100300060398319,0.0,0.7117880859296393
220,0.0,0.7332819672285278,,,0.0,0.7332819672285278,0.0,0.7324582388506076
221,0.0,0.6955433544306275,,,0.0,0.6955433544306275,0.0,0.695825445495181
222,0.0,0.778691848118988,,,0.0,0.778691848118988,0.0,0.7774136826957381
223,0.0,0.6931522634820944,,,0.0,0.6931522634820944,0.0,0.6946606488924325
224,0.0,0.6440753521993581,,,0.0,0.6440753521993581,0.0,0.6420967766897343
225,0.0,0.7819621808283128,,,0.0,0.7819621808283128,0.0,0.7813639294448951
226,0.0,0.7707196332842592,,,0.0,0.7707196332842592,0.0,0.770636735836413
227,0.0,0.765474037041743,,,0.0,0.765474037041743,0.0,0.7666154103490272
228,0.0,0.6967681767640994,,,0.0,0.6967681767640994,0.01562643051147461,0.698525025229491
229,0.002689361572265625,0.6916509620088181,,,0.0,0.6916509620088181,0.0,0.6913569349126933
230,0.0,0.7104578859417704,,,0.0,0.7104578859417704,0.0,0.7075614898417086
231,0.0,0.7005096135896799,,,0.0,0.7005096135896799,0.0,0.702850874538393
232,0.0,0.7779444402220166,,,0.0,0.7779444402220166,0.0,0.7789060043206059
233,0.0,0.7409321414526566,,,0.0,0.7409321414526566,0.0,0.7420910700110472
234,0.0,0.6675553494319372,,,0.0,0.6675553494319372,0.0,0.6667618305075562
235,0.0,0.77696245665486,,,0.0,0.77696245665486,0.0,0.7804652138495499
236,0.0,0.7411957404451783,,,0.0,0.7411957404451783,0.008008241653442383,0.7414595957317023
237,0.0016682147979736328,0.7174265222650904,,,0.0,0.7174265222650904,0.0,0.7178611040912561
238,0.0,0.7063291703571627,,,0.0,0.7063291703571627,0.0,0.7084485199647146
239,0.0,0.6717000364568929,,,0.0,0.6717000364568929,0.0,0.6722906007726741
240,0.0,0.7025195715391077,,,0.0,0.7025195715391077,0.0,0.7042523242307954
241,0.01563119888305664,0.689147377823802,,,0.0,0.689147377823802,0.0,0.6884923409108921
242,0.0,0.8170611252847786,,,0.0,0.8170611252847786,0.0,0.8176558403555476
243,0.0,0.6910102793730706,,,0.0,0.6910102793730706,0.0,0.6907712596417861
244,0.0,0.6749877580410892,,,0.0,0.6749877580410892,0.0,0.6760481156372756
245,0.0,0.7108705014830191,,,0.0,0.7108705014830191,0.0,0.7083446685467554
246,0.0,0.7094407653853176,,,0.0,0.7094407653853176,0.0,0.7079565078761264
247,0.0,0.6976014616911186,,,0.0,0.6976014616911186,0.0,0.6978307217659573
248,0.0,0.7541427159147512,,,0.0,0.7541427159147512,0.015604734420776367,0.7546318007714412
249,0.0,0.7967690884690221,,,0.0,0.7967690884690221,0.0,0.7989457970405568
250,0.0,0.609907527225638,,,0.0,0.609907527225638,0.0,0.6101277913549291
251,0.0,0.7498329886658044,,,0.0,0.7498329886658044,0.0,0.750884005041297
252,0.0,0.7449905781182904,,,0.01565384864807129,0.7449905781182904,0.0,0.7406694577483949
253,0.0,0.7337763000377523,,,0.0,0.7337763000377523,0.0,0.7313143675585121
254,0.0,0.5997418643070331,,,0.0,0.5997418643070331,0.0,0.5995611923818395
255,0.0,0.761746913074068,,,0.0,0.761746913074068,0.0,0.7638584168325229
256,0.0,0.6776437045649601,,,0.01562952995300293,0.6776437045649601,0.0,0.6744377425297325
257,0.0,0.6917738177847642,,,0.0,0.6917738177847642,0.0,0.6928429190805225
258,0.0,0.7048516428196828,,,0.0,0.7048516428196828,0.01253819465637207,0.7049826770417349
259,0.0,0.6941694717669693,,,0.0035371780395507812,0.6941694717669693,0.0,0.6943497788550327
260,0.0,0.7495291477429977,,,0.0,0.7495291477429977,0.0,0.7496000991453391
261,0.0,0.7373218680453002,,,0.0,0.7373218680453002,0.0,0.7388787691351673
262,0.0,0.7145806641114956,,,0.0,0.7145806641114956,0.0,0.7170567302367958
263,0.0,0.7498161053720862,,,0.01584911346435547,0.7498161053720862,0.0,0.749633746986797
264,0.0,0.6967914656531451,,,0.0,0.6967914656531451,0.0,0.695333237471554
265,0.0,0.7632887929816347,,,0.0,0.7632887929816347,0.0,0.7612492824444325
266,0.0,0.7211770248074789,,,0.0,0.7211770248074789,0.0,0.7177080232043054
267,0.0,0.6987399456128546,,,0.0,0.6987399456128546,0.0,0.6985533945972766
268,0.0,0.6369377238065229,,,0.0,0.6369377238065229,0.0,0.6358309143347113
269,0.0,0.6679491130152354,,,0.0,0.6679491130152354,0.0,0.66728620339761
270,0.0,0.6439473172480952,,,0.0,0.6439473172480952,0.0,0.6489539830001682
271,0.015635967254638672,0.7342546398013576,,,0.0,0.7342546398013576,0.0,0.7347201660676344
272,0.0,0.7073763594184996,,,0.0,0.7073763594184996,0.0,0.7087341919730543
273,0.0,0.6819565370005715,,,0.0,0.6819565370005715,0.0,0.6810292393875601
274,0.0,0.7126201254428424,,,0.0,0.7126201254428424,0.0,0.7111219429778961
275,0.0,0.5946992063743156,,,0.0,0.5946992063743156,0.0,0.5972193862948919
276,0.0,0.6699462698335179,,,0.0,0.6699462698335179,0.0,0.6678709884279499
277,0.0,0.7779551825724037,,,0.0,0.7779551825724037,0.0,0.7771696035804116
278,0.0,0.7751544888000962,,,0.0,0.7751544888000962,0.0,0.7746963187665277
279,0.0,0.6864790649937085,,,0.0,0.6864790649937085,0.0,0.6887271030661661
280,0.0,0.7026740321974408,,,0.0,0.7026740321974408,0.0,0.699910767463751
281,0.0,0.7853161346268198,,,0.0,0.7853161346268198,0.0,0.7863537638368102
282,0.0,0.6999646026126162,,,0.0,0.6999646026126162,0.007999658584594727,0.6997579082974159
283,0.0,0.6932135591590497,,,0.0,0.6932135591590497,0.0,0.6928652287034964
284,0.0,0.722737108237956,,,0.0,0.722737108237956,0.008002042770385742,0.7239707298171016
285,0.0,0.7265143636587688,,,0.0,0.7265143636587688,0.0,0.7256227016284278
286,0.0,0.6991006922671683,,,0.00799870491027832,0.6991006922671683,0.0,0.7028670916626453
287,0.0,0.7547171736467726,,,0.0,0.7547171736467726,0.0,0.7563953931476373
288,0.0,0.7188137663932652,,,0.0,0.7188137663932652,0.0,0.7182183848067385
289,0.0,0.6582037768911815,,,0.015624523162841797,0.6582037768911815,0.0,0.6561272760420898
290,0.0,0.6718706369948254,,,0.0,0.6718706369948254,0.0,0.6725999030746234
291,0.0,0.7157576506610841,,,0.015900135040283203,0.7157576506610841,0.0,0.7186241325581858
292,0.0,0.7635007748952642,,,0.0,0.7635007748952642,0.0,0.7637676074966276
293,0.0,0.7178987280747181,,,0.0,0.7178987280747181,0.0,0.7132206977453794
294,0.0,0.7343635583775734,,,0.0,0.7343635583775734,0.0,0.7355112044200626
295,0.0,0.7620512471573615,,,0.0,0.7620512471573615,0.0,0.7637998971811131
296,0.0,0.7309688889255188,,,0.0,0.7309688889255188,0.0,0.7328011037824634
297,0.0,0.6766648353248224,,,0.0,0.6766648353248224,0.0,0.6777294809663861
298,0.0,0.7823040758147736,,,0.0,0.7823040758147736,0.005541801452636719,0.7810447631638766
299,0.0,0.7062766461757867,,,0.0,0.7062766461757867,0.0,0.7046762871584002
300,0.0,0.6611712012477335,,,0.0,0.6611712012477335,0.0,0.6579256921154815
301,0.0,0.6950599071915806,,,0.010538339614868164,0.6950599071915806,0.0,0.6969669823757972
302,0.0,0.7617676139001821,,,0.0,0.7617676139001821,0.0,0.7624001223648882
303,0.0,0.7799493917637272,,,0.0,0.7799493917637272,0.0,0.7803025385565121
304,0.0,0.7354469585672043,,,0.0,0.7354469585672043,0.0,0.736507199875222
305,0.015639543533325195,0.6446789399918549,,,0.0,0.6446789399918549,0.0,0.6445322898868963
306,0.0,0.6496387748990967,,,0.0,0.6496387748990967,0.0,0.647180860894046
307,0.0,0.6776585524054262,,,0.0,0.6776585524054262,0.0,0.6789036984014312
308,0.0,0.764548211825994,,,0.0,0.764548211825994,0.0,0.7658162870208651
309,0.0,0.8048611613541083,,,0.0,0.8048611613541083,0.0,0.804793923159007
310,0.0,0.7251335120284793,,,0.0,0.7251335120284793,0.0,0.7264946527116789
311,0.0,0.5388389013400623,,,0.0,0.5388389013400623,0.0,0.5366712546160732
312,0.0,0.7297305391275957,,,0.0,0.7297305391275957,0.0,0.7274204035126561
313,0.0,0.6929914441123929,,,0.0,0.6929914441123929,0.0,0.6907446054781092
314,0.0,0.7600685072351732,,,0.0,0.7600685072351732,0.0,0.7589655942421475
315,0.0,0.7227455556163369,,,0.0,0.7227455556163369,0.0,0.7210807299112585
316,0.0,0.6377664447342277,,,0.0,0.6377664447342277,0.015610218048095703,0.6389269452312547
317,0.0,0.7373395089786101,,,0.0,0.7373395089786101,0.0,0.7418848020726052
318,0.0,0.6873417165650416,,,0.0,0.6873417165650416,0.0,0.6850634294956808
319,0.0,0.7468324822116402,,,0.0,0.7468324822116402,0.0,0.747575940414855
320,0.0,0.6575364658378615,,,0.0,0.6575364658378615,0.0156252384185791,0.6560013305296768
321,0.0,0.6814374328541855,,,0.0,0.6814374328541855,0.0,0.68264929884487
322,0.0,0.7484869875423297,,,0.0,0.7484869875423297,0.0,0.7502628272640239
323,0.0,0.6609534671596049,,,0.011512517929077148,0.6609534671596049,0.0,0.6599203738879899
324,0.0,0.6743802716432583,,,0.0,0.6743802716432583,0.0,0.6735909820551191
325,0.0,0.7663812106360767,,,0.0,0.7663812106360767,0.0,0.7669009733665206
326,0.0,0.7144306265288287,,,0.0,0.7144306265288287,0.0,0.7138856999173901
327,0.0,0.6336914722376712,,,0.0,0.6336914722376712,0.0,0.6332161088221195
328,0.0,0.6569395718200775,,,0.0,0.6569395718200775,0.0,0.6551631851645878
329,0.0,0.7399971710639264,,,0.0,0.7399971710639264,0.0,0.7371321962138242
330,0.0,0.5166662806704816,,,0.0,0.5166662806704816,0.0,0.5177559966813379
331,0.0,0.6814853686195104,,,0.0,0.6814853686195104,0.0,0.682308944706743
332,0.0,0.8033345796580381,,,0.0,0.8033345796580381,0.0,0.8031195291863809
333,0.0,0.6792534620999224,,,0.0,0.6792534620999224,0.0,0.6815591791763714
334,0.0,0.7271146719227176,,,0.0,0.7271146719227176,0.0,0.7243829338380106
335,0.0,0.6949385960870739,,,0.0,0.6949385960870739,0.0,0.6965272835492822
336,0.0,0.7243383566413079,,,0.0,0.7243383566413079,0.0,0.7225977219174893
337,0.0,0.7089349506402671,,,0.0,0.7089349506402671,0.0,0.7092184858523588
338,0.0,0.669479195093225,,,0.0,0.669479195093225,0.0,0.6682496566832763
339,0.0,0.7261829658142169,,,0.0,0.7261829658142169,0.015616416931152344,0.7263167448520904
340,0.0,0.7455922809415072,,,0.0,0.7455922809415072,0.0,0.7439766816304982
341,0.0,0.6996584448445298,,,0.0,0.6996584448445298,0.0,0.6996363927804938
342,0.0,0.716657807979214,,,0.0,0.716657807979214,0.0,0.7164286086618508
343,0.0,0.7923090223456215,,,0.0,0.7923090223456215,0.0,0.792364265455588
344,0.0,0.7283898752813145,,,0.0,0.7283898752813145,0.0,0.7280865930816144
345,0.0,0.7157528372990059,,,0.0,0.7157528372990059,0.0,0.715002455926008
346,0.0,0.7718949960190551,,,0.0,0.7718949960190551,0.0,0.7726062341164077
347,0.0,0.8044331048668245,,,0.0,0.8044331048668245,0.002011537551879883,0.8014885695881262
348,0.0,0.6670561587338895,,,0.0,0.6670561587338895,0.0,0.671517478682955
349,0.0,0.7515630042028765,,,0.0,0.7515630042028765,0.0,0.7541193440826623
350,0.0,0.6586870399274827,,,0.0,0.6586870399274827,0.0,0.6576151760555051
351,0.0,0.6516706603812454,,,0.0,0.6516706603812454,0.0,0.6494507179009135
352,0.0,0.7126275219899201,,,0.0,0.7126275219899201,0.0,0.7121672700062625
353,0.0,0.5773012878182042,,,0.0,0.5773012878182042,0.0,0.5773082112258993
354,0.0,0.7649892519398229,,,0.0,0.7649892519398229,0.0,0.7635988740837829
355,0.0,0.7019457682688002,,,0.0,0.7019457682688002,0.0,0.7033258969067986
356,0.0,0.7711446352229336,,,0.0,0.7711446352229336,0.0,0.7712615089040138
357,0.0,0.7537014030174412,,,0.0,0.7537014030174412,0.0,0.7558655242142976
358,0.0,0.7773718646112462,,,0.0,0.7773718646112462,0.0,0.7782039122853182
359,0.0,0.729216879791604,,,0.0,0.729216879791604,0.0,0.7309069082606711
360,0.0,0.6934970173144478,,,0.0,0.6934970173144478,0.0,0.695216757352841
361,0.0,0.7185758116731661,,,0.0,0.7185758116731661,0.0,0.7206044012722181
362,0.0,0.8082737129755685,,,0.01562976837158203,0.8082737129755685,0.0,0.8099572558182256
363,0.0,0.6244277366239797,,,0.0,0.6244277366239797,0.0,0.6238803180985694
364,0.0,0.744908059243305,,,0.0,0.744908059243305,0.0,0.7501134423378178
365,0.0,0.7844535898173767,,,0.0,0.7844535898173767,0.0,0.7862768472309258
366,0.0,0.7753569220079827,,,0.015630245208740234,0.7753569220079827,0.0,0.7759797055269464
367,0.0,0.7469973474380202,,,0.0,0.7469973474380202,0.0,0.7500735047457472
368,0.0,0.7296777398836908,,,0.0,0.7296777398836908,0.0,0.7273828378450857
369,0.0,0.7330827482363488,,,0.0,0.7330827482363488,0.0,0.7352307807110501
370,0.0,0.7232936788125052,,,0.0,0.7232936788125052,0.0,0.7203035327928218
371,0.0,0.755085282767156,,,0.0,0.755085282767156,0.0,0.7575757182011442
372,0.0,0.8088651105318875,,,0.0,0.8088651105318875,0.0,0.8113438262350878
373,0.0,0.7420691095199278,,,0.0,0.7420691095199278,0.0,0.7452565147427614
374,0.0,0.6563719349747388,,,0.008035898208618164,0.6563719349747388,0.0,0.6581231563805807
375,0.0,0.7526460377396877,,,0.0,0.7526460377396877,0.0,0.7549428451098283
376,0.0,0.713970361328838,,,0.0,0.713970361328838,0.0,0.7147140598626481
377,0.0,0.707802075688766,,,0.0,0.707802075688766,0.0,0.7040993872950794
378,0.0,0.7210912531155387,,,0.0,0.7210912531155387,0.0,0.71929507705738
379,0.0,0.734163909273132,,,0.0,0.734163909273132,0.0,0.7355430196174005
380,0.0,0.7122462655335864,,,0.0,0.7122462655335864,0.0,0.7154433806708771
381,0.0,0.5751216336777734,,,0.0,0.5751216336777734,0.0,0.5731425504581742
382,0.0,0.6885351435869949,,,0.0,0.6885351435869949,0.0,0.6862803150831582
383,0.0,0.598713015888212,,,0.0,0.598713015888212,0.0,0.5959490248988795
384,0.0,0.751980436376412,,,0.0,0.751980436376412,0.0,0.7522901746131112
385,0.0,0.7736861645420376,,,0.0,0.7736861645420376,0.0,0.7777276220777959
386,0.01562976837158203,0.7872248571226117,,,0.0,0.7872248571226117,0.0,0.7878439423245258
387,0.0,0.8282788459260494,,,0.0,0.8282788459260494,0.0,0.8285865521309048
388,0.0,0.7434805338700459,,,0.0,0.7434805338700459,0.0,0.7459878278366716
389,0.0,0.7972489318609205,,,0.0,0.7972489318609205,0.0,0.7982912098568966
390,0.015629053115844727,0.6859496061458807,,,0.0,0.6859496061458807,0.0,0.6834424987754371
391,0.0,0.610362551190756,,,0.0,0.610362551190756,0.0,0.6104131183338617
392,0.0,0.6055948377097256,,,0.0,0.6055948377097256,0.0,0.6023497807241625
393,0.0,0.7425648914888934,,,0.0,0.7425648914888934,0.0,0.7449131342147948
394,0.0,0.7702967381848057,,,0.0,0.7702967381848057,0.0,0.7699680024845708
395,0.0,0.690843301781367,,,0.0,0.690843301781367,0.0,0.694210339553104
396,0.0,0.7855766210178559,,,0.0,0.7855766210178559,0.0,0.7825109657225795
397,0.0,0.7579543210804784,,,0.0,0.7579543210804784,0.0,0.7603268113112025
398,0.0020263195037841797,0.7491827078360587,,,0.0,0.7491827078360587,0.0,0.7497997213187932
399,0.0,0.7166534893736574,,,0.0,0.7166534893736574,0.0,0.7164735501599736
400,0.0,0.6903545595896432,,,0.0,0.6903545595896432,0.0,0.6932087007622738
401,0.0,0.7685043342793745,,,0.0,0.7685043342793745,0.0,0.7719298836215578
402,0.0,0.7631888535712494,,,0.0,0.7631888535712494,0.0,0.7630262282241528
403,0.0,0.8003645689910865,,,0.0,0.8003645689910865,0.0,0.8008626819938407
404,0.0,0.7652942852368203,,,0.0,0.7652942852368203,0.0,0.7659949668898228
405,0.0,0.7473712166300949,,,0.0,0.7473712166300949,0.015631437301635742,0.7478692799253706
406,0.0,0.6785293041686167,,,0.0,0.6785293041686167,0.0,0.6757855693722352
407,0.0,0.7379569527434847,,,0.0,0.7379569527434847,0.0,0.7380186667261124
408,0.0,0.810672409448935,,,0.0,0.810672409448935,0.0,0.8119674269808181
409,0.0,0.7195212096484638,,,0.01562809944152832,0.7195212096484638,0.0,0.7233008107356528
410,0.0,0.7440765693078908,,,0.0,0.7440765693078908,0.0,0.7430554339586
411,0.0,0.7900158902660814,,,0.0,0.7900158902660814,0.0,0.7931649133453172
412,0.0,0.7381761809693186,,,0.0,0.7381761809693186,0.0,0.7369588069444699
413,0.0,0.6647059218301032,,,0.0,0.6647059218301032,0.0,0.6631981959014087
414,0.0,0.728542024438446,,,0.0,0.728542024438446,0.0,0.7298458244695363
415,0.0,0.7094208640178492,,,0.0,0.7094208640178492,0.0,0.7099662479841516
416,0.0,0.7746883773087635,,,0.015620946884155273,0.7746883773087635,0.0,0.774656216407873
417,0.0,0.6897871779893143,,,0.0,0.6897871779893143,0.0,0.6908602834806175
418,0.0,0.6959628933328961,,,0.0,0.6959628933328961,0.0,0.6954370186641108
419,0.0,0.8071641704006729,,,0.0,0.8071641704006729,0.0,0.807733998657745
420,0.0,0.7249052848121548,,,0.0,0.7249052848121548,0.0,0.7238621660502315
421,0.0,0.7575712069546543,,,0.0,0.7575712069546543,0.0,0.7577067900660803
422,0.0,0.7440920426965305,,,0.0,0.7440920426965305,0.0,0.7462650599010433
423,0.0,0.7482647059971366,,,0.0,0.7482647059971366,0.0,0.7484270717688268
424,0.0,0.6375032166543937,,,0.0,0.6375032166543937,0.0,0.6352787174407992
425,0.0,0.6874111820141545,,,0.0,0.6874111820141545,0.0,0.6865893979447147
426,0.0,0.688553141720031,,,0.0,0.688553141720031,0.008428096771240234,0.69066911983551
427,0.0,0.7027719400570118,,,0.0,0.7027719400570118,0.0,0.6987897163729719
428,0.007994651794433594,0.7622806677242109,,,0.0,0.7622806677242109,0.0,0.7637289559864684
429,0.0,0.6021645500767236,,,0.0,0.6021645500767236,0.00800323486328125,0.597657831334268
430,0.0,0.8155139998439548,,,0.0,0.8155139998439548,0.0,0.8168045043522013
431,0.0,0.7484018252869151,,,0.0,0.7484018252869151,0.00800180435180664,0.7467391583873106
432,0.0,0.7570813740789046,,,0.0,0.7570813740789046,0.0,0.7583168307360694
433,0.0,0.6911331138406807,,,0.0,0.6911331138406807,0.0,0.6906877161365497
434,0.0,0.7290685214783551,,,0.0,0.7290685214783551,0.008002996444702148,0.7276398403354314
435,0.0,0.6409050731895981,,,0.0,0.6409050731895981,0.0,0.6386070031156066
436,0.0,0.6400900115393708,,,0.0,0.6400900115393708,0.008000612258911133,0.6407207258187299
437,0.0,0.7639368042779551,,,0.0,0.7639368042779551,0.0,0.7653882912961318
438,0.0,0.6580369652565375,,,0.0,0.6580369652565375,0.0,0.6554447467335848
439,0.0,0.7683384607577934,,,0.0,0.7683384607577934,0.00800180435180664,0.7678320633763226
440,0.0,0.6796191131168672,,,0.0,0.6796191131168672,0.0,0.6787639430931838
441,0.008001327514648438,0.7311122243484844,,,0.0,0.7311122243484844,0.0,0.737869494129474
442,0.0,0.7400426100931524,,,0.0,0.7400426100931524,0.0,0.7421809122405167
443,0.0,0.7388730119263405,,,0.0,0.7388730119263405,0.0,0.7413132120168837
444,0.0,0.7294218899556537,,,0.008001565933227539,0.7294218899556537,0.0,0.7328003191546593
445,0.0,0.7251961613844069,,,0.0,0.7251961613844069,0.0,0.7233358563353454
446,0.008004903793334961,0.7690356764966214,,,0.0,0.7690356764966214,0.0,0.7713670707300222
447,0.0,0.6625583826624062,,,0.0,0.6625583826624062,0.0,0.6585525813851943
448,0.0,0.7238512592417539,,,0.0,0.7238512592417539,0.0,0.725055301483175
449,0.0,0.7591554742578454,,,0.00800180435180664,0.7591554742578454,0.0,0.7594228390285263
450,0.0,0.66685496948381,,,0.0,0.66685496948381,0.0,0.6646019710973955
451,0.008002042770385742,0.8071229615991786,,,0.0,0.8071229615991786,0.0,0.8111789203282986
452,0.0,0.6461613602638473,,,0.0,0.6461613602638473,0.00800323486328125,0.6471271568519577
453,0.0,0.7067284930054091,,,0.0,0.7067284930054091,0.0,0.7049197439002381
454,0.0,0.7124102482744012,,,0.008012771606445312,0.7124102482744012,0.0,0.7155647044092829
455,0.0,0.7398272494768006,,,0.0,0.7398272494768006,0.0,0.7414812679526883
456,0.0,0.7370013311791368,,,0.0,0.7370013311791368,0.0,0.7392609247339818
457,0.0,0.7325228381744795,,,0.0,0.7325228381744795,0.0,0.732518680242954
458,0.007991313934326172,0.6487653064986784,,,0.0,0.6487653064986784,0.0,0.646079887527259
459,0.0,0.7341082200603414,,,0.0,0.7341082200603414,0.0,0.7336433902518937
460,0.008004188537597656,0.7330746237820642,,,0.0,0.7330746237820642,0.0,0.7325513905171597
461,0.0,0.7043660735903692,,,0.0,0.7043660735903692,0.0,0.7012623535064832
462,0.0,0.6729272469945191,,,0.0,0.6729272469945191,0.0,0.6763090135381479
463,0.0,0.5405502562303186,,,0.0,0.5405502562303186,0.00800180435180664,0.5408741891289846
464,0.0,0.8064227206964618,,,0.0,0.8064227206964618,0.0,0.8063756564934719
465,0.0,0.7197965442510981,,,0.0,0.7197965442510981,0.007989883422851562,0.7219312060370466
466,0.0,0.7290314491361649,,,0.0,0.7290314491361649,0.0,0.7283356210573527
467,0.0,0.6536294186238799,,,0.0,0.6536294186238799,0.0,0.6519998234509485
468,0.0,0.7392020451383113,,,0.0,0.7392020451383113,0.0,0.741018419987975
469,0.0,0.7031983431558066,,,0.007995367050170898,0.7031983431558066,0.0,0.7044103473919421
470,0.0,0.7259058292182026,,,0.0,0.7259058292182026,0.0,0.7277471516711336
471,0.0,0.6505847176712949,,,0.0,0.6505847176712949,0.0,0.6496152484371547
472,0.0,0.751067401522004,,,0.0,0.751067401522004,0.0,0.7501526781717344
473,0.007987737655639648,0.7002277061525894,,,0.0,0.7002277061525894,0.0,0.7033308650402134
474,0.0,0.7687073773116473,,,0.0,0.7687073773116473,0.0,0.7689443200755564
475,0.0,0.7789461916814036,,,0.0,0.7789461916814036,0.0,0.7818564823004106
476,0.0,0.6269845024536704,,,0.0,0.6269845024536704,0.007836341857910156,0.6250671270279454
477,0.0,0.581689847045058,,,0.0,0.581689847045058,0.0,0.5823694270825888
478,0.0,0.7215867328362036,,,0.008015155792236328,0.7215867328362036,0.0,0.7225447086830791
479,0.0,0.7471628298049333,,,0.0,0.7471628298049333,0.0,0.7507953976509424
480,0.007986068725585938,0.7397737430476274,,,0.0,0.7397737430476274,0.0,0.7411817450317368
481,0.0,0.8027787655808305,,,0.0,0.8027787655808305,0.008016109466552734,0.8022938252673257
482,0.0,0.7188014784747526,,,0.0,0.7188014784747526,0.0,0.7211189836389607
483,0.0,0.6661512561932211,,,0.0,0.6661512561932211,0.008008241653442383,0.6653409070877006
484,0.0,0.6610505761062574,,,0.0,0.6610505761062574,0.0,0.6596789230946073
485,0.0,0.7553623262904736,,,0.0,0.7553623262904736,0.0,0.7556378681678428
486,0.0,0.6914658843746095,,,0.0,0.6914658843746095,0.0,0.6914287057669966
487,0.008012771606445312,0.7479356672213625,,,0.0,0.7479356672213625,0.0,0.7470109472244373
488,0.0,0.6668782298284108,,,0.0,0.6668782298284108,0.00798940658569336,0.668575612551144
489,0.0,0.708974872730749,,,0.0,0.708974872730749,0.0,0.7078619695013577
490,0.0,0.6514604064436746,,,0.0,0.6514604064436746,0.008000612258911133,0.6540792838933946
491,0.0,0.788892394584691,,,0.0,0.788892394584691,0.0,0.7897535202500723
492,0.0,0.7538195269077157,,,0.007990121841430664,0.7538195269077157,0.0,0.7596119870854526
493,0.0,0.7721603350157388,,,0.0,0.7721603350157388,0.0,0.7725751064829203
494,0.0,0.6815464898601769,,,0.0,0.6815464898601769,0.0,0.6794536340070589
495,0.0,0.5899695004261656,,,0.0,0.5899695004261656,0.007995128631591797,0.5874950367055185
496,0.0,0.6992166891231473,,,0.0,0.6992166891231473,0.0,0.7001781920595409
497,0.0,0.7358616311560271,,,0.0,0.7358616311560271,0.0,0.7401194279903962
498,0.0,0.740064869786135,,,0.0,0.740064869786135,0.0,0.7398474237002366
499,0.007999897003173828,0.6833275767972136,,,0.0,0.6833275767972136,0.0,0.6821613132546478
500,0.0,0.7200383482371251,,,0.0,0.7200383482371251,0.0,0.7204041485494808
501,0.0,0.6981697544831869,,,0.0,0.6981697544831869,0.0,0.7026174188368093
502,0.0,0.7198450865884094,,,0.0,0.7198450865884094,0.0,0.7198456142023797
503,0.0,0.730313867275397,,,0.0,0.730313867275397,0.0,0.731415349674666
504,0.0,0.7711571818963574,,,0.0,0.7711571818963574,0.0,0.7714411419035835
505,0.0,0.6901784996479874,,,0.0,0.6901784996479874,0.0,0.6894881030457872
506,0.0,0.7514805012714949,,,0.0,0.7514805012714949,0.0,0.7516832298569716
507,0.0,0.7326364977946855,,,0.0,0.7326364977946855,0.008004188537597656,0.7347528125437186
508,0.0,0.7506888738988452,,,0.0,0.7506888738988452,0.0,0.7528516301039554
509,0.0,0.6638160610150641,,,0.0,0.6638160610150641,0.0,0.6630232008576343
510,0.0,0.6856678348014487,,,0.0,0.6856678348014487,0.0,0.6824868927825485
511,0.008002519607543945,0.6942813271482071,,,0.0,0.6942813271482071,0.0,0.6946702491136165
512,0.0,0.680670922586238,,,0.0,0.680670922586238,0.0,0.6838284026617152
513,0.0,0.62016804384848,,,0.0,0.62016804384848,0.008022069931030273,0.6211456990332327
514,0.0,0.7964796801140233,,,0.0,0.7964796801140233,0.0,0.7999713052907697
515,0.0,0.7303609733944061,,,0.0,0.7303609733944061,0.0,0.7298418311726658
516,0.00800013542175293,0.6351794439086667,,,0.0,0.6351794439086667,0.0,0.6311918372995122
517,0.0,0.690974833369312,,,0.0,0.690974833369312,0.0,0.6917364645146566
518,0.0,0.7571398482628163,,,0.0,0.7571398482628163,0.0,0.7576520150978259
519,0.0,0.6539957148378066,,,0.007976531982421875,0.6539957148378066,0.0,0.6519086372517503
520,0.0,0.7046056653471591,,,0.0,0.7046056653471591,0.0,0.7039787735824312
521,0.008016347885131836,0.712964029580412,,,0.0,0.712964029580412,0.0,0.7113297828190961
522,0.0,0.7312357982673554,,,0.0,0.7312357982673554,0.0,0.7323813233585541
523,0.00800013542175293,0.80518570842106,,,0.0,0.80518570842106,0.0,0.8050392584159226
524,0.0,0.6941660640183971,,,0.0,0.6941660640183971,0.0,0.6939655711923514
525,0.0,0.7193699966680442,,,0.0,0.7193699966680442,0.0,0.7188069261980614
526,0.0,0.6699952106788625,,,0.0,0.6699952106788625,0.0,0.6703145258356191
527,0.0,0.7341965761568383,,,0.0,0.7341965761568383,0.0,0.7349745109781557
528,0.0,0.5972191252104218,,,0.0,0.5972191252104218,0.0,0.5942090583752352
529,0.0,0.7867015918326458,,,0.0,0.7867015918326458,0.008018732070922852,0.7864932866947436
530,0.0,0.6696006664371071,,,0.0,0.6696006664371071,0.0,0.6676554477965917
531,0.0,0.7474438398441823,,,0.0,0.7474438398441823,0.0,0.7519770312554974
532,0.0,0.7518204954194198,,,0.0,0.7518204954194198,0.0,0.7531836819294051
533,0.008020639419555664,0.7227538653141348,,,0.0,0.7227538653141348,0.0,0.7216550112421737
534,0.008002281188964844,0.7120954080475297,,,0.0,0.7120954080475297,0.0,0.7123726175108718
535,0.0,0.7750550600174918,,,0.0,0.7750550600174918,0.0,0.775744077348211
536,0.0,0.6754515062646114,,,0.0,0.6754515062646114,0.0,0.6736385476200655
537,0.0,0.7699608267414892,,,0.0,0.7699608267414892,0.0,0.77179009358153
538,0.0,0.6996377762436617,,,0.0,0.6996377762436617,0.0,0.6971412799539016
539,0.0,0.7558280561479179,,,0.0,0.7558280561479179,0.00800323486328125,0.7572752845263935
540,0.0,0.6887114498852378,,,0.0,0.6887114498852378,0.0,0.6966771468942086
541,0.0,0.5206415387728229,,,0.0,0.5206415387728229,0.0,0.5224040365232295
542,0.0,0.702606043449935,,,0.0,0.702606043449935,0.0,0.703225700174007
543,0.0,0.6004007870217094,,,0.0,0.6004007870217094,0.0,0.603434537838042
544,0.0,0.7983985402490237,,,0.0,0.7983985402490237,0.0,0.8017237625809313
545,0.0,0.7372677500466278,,,0.0,0.7372677500466278,0.0,0.7378170944331994
546,0.0,0.6972415089159856,,,0.0,0.6972415089159856,0.0,0.6991450721852265
547,0.0,0.7540354367716815,,,0.0,0.7540354367716815,0.0,0.7553621372396553
548,0.0,0.7574002692783411,,,0.0,0.7574002692783411,0.0,0.7579780225995644
549,0.0,0.6939134249079968,,,0.0,0.6939134249079968,0.0,0.6961498214132038
550,0.0,0.659885907515322,,,0.0,0.659885907515322,0.015622377395629883,0.6588405778623899
551,0.0,0.665841297144957,,,0.0,0.665841297144957,0.0,0.6722305396470556
552,0.0,0.6978504588461611,,,0.0,0.6978504588461611,0.0,0.6965174903378506
553,0.0,0.6863939334183837,,,0.0,0.6863939334183837,0.0,0.6854052496203846
554,0.0,0.7238770172356644,,,0.0,0.7238770172356644,0.01565837860107422,0.7278641663925394
555,0.0,0.6888779339721152,,,0.0,0.6888779339721152,0.0,0.694599254768737
556,0.0,0.769986506200826,,,0.0,0.769986506200826,0.0,0.7695942873411198
557,0.0,0.8021737411773324,,,0.0,0.8021737411773324,0.0,0.8021994373227168
558,0.0,0.776338471326956,,,0.0,0.776338471326956,0.0,0.7761515211437319
559,0.0,0.7139312666616225,,,0.0,0.7139312666616225,0.0,0.7136162954052303
560,0.0,0.724401879729401,,,0.0,0.724401879729401,0.0,0.7245609945082214
561,0.0,0.588768605671065,,,0.0,0.588768605671065,0.0,0.5886831196122931
562,0.0,0.755630339390345,,,0.0,0.755630339390345,0.0,0.7608875924090934
563,0.0,0.7453445142017884,,,0.0070383548736572266,0.7453445142017884,0.0,0.7495292549220945
564,0.0,0.7618079877807482,,,0.0,0.7618079877807482,0.009041070938110352,0.7609605687191503
565,0.0,0.7785951154133595,,,0.0,0.7785951154133595,0.0,0.7784902286249651
566,0.0,0.7316383436000461,,,0.0,0.7316383436000461,0.0,0.7355145602293567
567,0.015664100646972656,0.8101021322328245,,,0.0,0.8101021322328245,0.0,0.8091370598848944
568,0.0,0.7572150567108271,,,0.0,0.7572150567108271,0.0,0.7617713496988046
569,0.0,0.5432280187609211,,,0.0,0.5432280187609211,0.0,0.5457051228477098
570,0.0,0.7520508878923103,,,0.0,0.7520508878923103,0.0,0.7535872780957742
571,0.0,0.7335100206879208,,,0.0,0.7335100206879208,0.0,0.7319811106910215
572,0.0,0.7180991807416002,,,0.0,0.7180991807416002,0.0,0.7189412496015016
573,0.0,0.7919629519577365,,,0.0,0.7919629519577365,0.0,0.7947078961496203
574,0.0,0.6737363620759688,,,0.0,0.6737363620759688,0.0,0.6737965662379335
575,0.0,0.6763847580145653,,,0.0,0.6763847580145653,0.0,0.6733701949912132
576,0.0,0.6856614827400416,,,0.0,0.6856614827400416,0.0,0.6900042421161992
577,0.0,0.7560062637800908,,,0.0,0.7560062637800908,0.0,0.7552564248579766
578,0.0,0.7572548896543496,,,0.0,0.7572548896543496,0.015630006790161133,0.7561410016467291
579,0.0,0.6544411725766672,,,0.0,0.6544411725766672,0.0,0.6531317892263824
580,0.0,0.7561719864695327,,,0.0,0.7561719864695327,0.0,0.7568818023072273
581,0.0,0.6801250094897265,,,0.0,0.6801250094897265,0.0,0.6810988909736059
582,0.0,0.7564951146314496,,,0.0,0.7564951146314496,0.01562952995300293,0.7562640712013291
583,0.0,0.6501081892653648,,,0.0,0.6501081892653648,0.0,0.6509889258945314
584,0.0,0.7059258211645423,,,0.0,0.7059258211645423,0.0,0.7065274297621863
585,0.0,0.7334473029540558,,,0.0,0.7334473029540558,0.0,0.7394738609255027
586,0.0,0.6734481808646254,,,0.0,0.6734481808646254,0.0030355453491210938,0.6710196024505386
587,0.0,0.746908250565176,,,0.0,0.746908250565176,0.0,0.7473386347324782
588,0.0,0.7311739720639349,,,0.0,0.7311739720639349,0.0,0.7309517531557168
589,0.0,0.7490063883897404,,,0.0,0.7490063883897404,0.0,0.7502760166581908
590,0.0,0.6849398420900464,,,0.0,0.6849398420900464,0.015654563903808594,0.6820540412539802
591,0.0,0.7666274979902609,,,0.0,0.7666274979902609,0.0,0.7689043992742512
592,0.0,0.7170964519448237,,,0.0,0.7170964519448237,0.0,0.7200863227952025
593,0.0,0.6923613586351527,,,0.0,0.6923613586351527,0.0,0.6907843102091846
594,0.0,0.7698434451857413,,,0.0,0.7698434451857413,0.015634536743164062,0.7698794215932769
595,0.0,0.767346992959121,,,0.0,0.767346992959121,0.0,0.7657544454722516
596,0.0,0.6973535401105164,,,0.0,0.6973535401105164,0.0,0.6984498340635099
597,0.0,0.7133524753109592,,,0.0,0.7133524753109592,0.0,0.7133241264341006
598,0.0,0.7516720532862209,,,0.0,0.7516720532862209,0.01561117172241211,0.7524131492027635
599,0.0,0.6818972200131043,,,0.0,0.6818972200131043,0.0,0.6790355483892574
600,0.0,0.6952160646691833,,,0.0,0.6952160646691833,0.0,0.6939639649241993
601,0.0,0.7317062751897425,,,0.0,0.7317062751897425,0.0,0.7338880528473533
602,0.0,0.7058407563619402,,,0.0,0.7058407563619402,0.0,0.7045882144746327
603,0.0,0.7015088029643494,,,0.0,0.7015088029643494,0.0,0.7046281574824664
604,0.0,0.7021688393688597,,,0.0,0.7021688393688597,0.0,0.7052703614293755
605,0.0,0.6605783936191459,,,0.01560354232788086,0.6605783936191459,0.0,0.661140717465087
606,0.0,0.7959350044138336,,,0.0,0.7959350044138336,0.0,0.7978427385437727
607,0.0,0.7897354623674612,,,0.0,0.7897354623674612,0.0,0.7897241151306116
608,0.0,0.8074662892787698,,,0.01664876937866211,0.8074662892787698,0.0020232200622558594,0.8072690017717564
609,0.0,0.7899160546811942,,,0.0,0.7899160546811942,0.005034685134887695,0.7927865749356706
610,0.0,0.7058022618554805,,,0.0,0.7058022618554805,0.0,0.7024517307625431
611,0.0,0.7541420537567048,,,0.0,0.7541420537567048,0.0,0.7549630405891782
612,0.0,0.7548311311214477,,,0.0,0.7548311311214477,0.0,0.7534890104933804
613,0.0,0.7469030519838056,,,0.0,0.7469030519838056,0.0,0.7458135758912026
614,0.0,0.7481761278324035,,,0.0,0.7481761278324035,0.00021767616271972656,0.7474955722803527
615,0.0,0.7342626238807084,,,0.0,0.7342626238807084,0.0,0.7311525755747094
616,0.0,0.8115056756722288,,,0.0,0.8115056756722288,0.0,0.8129709956565195
617,0.0,0.7646507407829556,,,0.0,0.7646507407829556,0.0,0.7666481309307126
618,0.0,0.6878616283375305,,,0.0,0.6878616283375305,0.0,0.6865440469173323
619,0.0,0.7223360423520688,,,0.0,0.7223360423520688,0.0,0.720736533334689
620,0.0,0.723360580939556,,,0.0,0.723360580939556,0.0,0.7237823433046955
621,0.0,0.7254389246821671,,,0.0,0.7254389246821671,0.0,0.7307588912201588
622,0.0,0.7045349669827398,,,0.0,0.7045349669827398,0.0,0.7056638674698401
623,0.0,0.7214576054592883,,,0.0,0.7214576054592883,0.0,0.7201726301731508
624,0.0,0.7618194691005153,,,0.015619993209838867,0.7618194691005153,0.0,0.7623067873026832
625,0.0,0.7441153675692419,,,0.0,0.7441153675692419,0.0,0.7463764596286102
626,0.0,0.7225139259488111,,,0.0,0.7225139259488111,0.0,0.7238250573728474
627,0.0,0.7477902444367375,,,0.0,0.7477902444367375,0.015628576278686523,0.7497213678147642
628,0.0,0.7255044991790386,,,0.0,0.7255044991790386,0.0,0.7265863612721418
629,0.0,0.7453392703955126,,,0.0,0.7453392703955126,0.008518457412719727,0.7461861370862038
630,0.0,0.6208327053620757,,,0.0,0.6208327053620757,0.0,0.6219078887835483
631,0.0,0.6077085232365267,,,0.0,0.6077085232365267,0.0,0.6056142360307706
632,0.0,0.7378230623364147,,,0.0,0.7378230623364147,0.0,0.7406952829438418
633,0.0,0.6748564046585742,,,0.0,0.6748564046585742,0.0,0.6769347312101766
634,0.0,0.6210251998791763,,,0.0,0.6210251998791763,0.0,0.6200076121174805
635,0.0,0.6374370466513726,,,0.0,0.6374370466513726,0.0,0.6364095942363175
636,0.0,0.7112886207635072,,,0.0,0.7112886207635072,0.0,0.7130639050518397
637,0.0,0.8196992122491035,,,0.0,0.8196992122491035,0.0,0.8196274590743281
638,0.01562666893005371,0.7691987180046507,,,0.0,0.7691987180046507,0.0,0.7693411886278356
639,0.0,0.5656524718375433,,,0.0,0.5656524718375433,0.0,0.5662253863737338
640,0.0,0.7025820248683242,,,0.0,0.7025820248683242,0.0,0.6996096889220738
641,0.0,0.5780476420103653,,,0.0,0.5780476420103653,0.0,0.5742389033249964
642,0.015638113021850586,0.7610514645699662,,,0.0,0.7610514645699662,0.0,0.7636909970705906
643,0.0,0.6986687105481701,,,0.0,0.6986687105481701,0.0,0.7031729556166109
644,0.0,0.7412863862233297,,,0.0,0.7412863862233297,0.0,0.7412916399279327
645,0.0,0.7293802995446248,,,0.0,0.7293802995446248,0.015603780746459961,0.7293301410988924
646,0.0,0.6701422732562263,,,0.0,0.6701422732562263,0.0,0.6729191911142691
647,0.0,0.6982006009452715,,,0.0,0.6982006009452715,0.0,0.6977982599103403
648,0.0,0.7256960565360853,,,0.0,0.7256960565360853,0.0,0.7277687952649522
649,0.0,0.6680751391499911,,,0.01562976837158203,0.6680751391499911,0.0,0.6671663731103903
650,0.0,0.7540749492899479,,,0.0,0.7540749492899479,0.0,0.753719125483175
651,0.0,0.726778847426165,,,0.0,0.726778847426165,0.0,0.7291781277248124
652,0.0,0.717126829673498,,,0.0,0.717126829673498,0.014513254165649414,0.7169950322707538
653,0.0015094280242919922,0.7356170535684741,,,0.0,0.7356170535684741,0.0,0.7362179235967018
654,0.0,0.7161430167724439,,,0.0,0.7161430167724439,0.0,0.7208826218028788
655,0.0,0.6775608248386662,,,0.0,0.6775608248386662,0.0,0.6752009692734687
656,0.0,0.7566529910734403,,,0.0,0.7566529910734403,0.01563239097595215,0.7578965403699651
657,0.0,0.6972297847797013,,,0.0,0.6972297847797013,0.0,0.6979019894003428
658,0.0,0.7119601466634997,,,0.0,0.7119601466634997,0.0,0.7125517001508308
659,0.0,0.7697234141261191,,,0.0,0.7697234141261191,0.0,0.7705945569181074
660,0.0,0.6820752563738114,,,0.0,0.6820752563738114,0.0,0.6817528190975924
661,0.0,0.698018479858326,,,0.0,0.698018479858326,0.0,0.6995149545139892
662,0.0,0.7403711989172781,,,0.0,0.7403711989172781,0.0,0.7454444771987015
663,0.0,0.725168986007708,,,0.0,0.725168986007708,0.015658140182495117,0.7264135032708302
664,0.0,0.738705546271041,,,0.0,0.738705546271041,0.0,0.7402894374403882
665,0.0,0.8062108768474018,,,0.0,0.8062108768474018,0.0,0.8040718799832625
666,0.0,0.7516823374637456,,,0.0,0.7516823374637456,0.0,0.7516028524302134
667,0.0,0.7064289674106266,,,0.0,0.7064289674106266,0.015630006790161133,0.7069377070411869
668,0.0,0.7456298838149551,,,0.0,0.7456298838149551,0.0,0.752330672192352
669,0.0,0.7616230116260027,,,0.0,0.7616230116260027,0.0,0.7605223899634102
670,0.0,0.7365580807353451,,,0.0,0.7365580807353451,0.0,0.7382714174954226
671,0.0,0.7362998387139938,,,0.0,0.7362998387139938,0.015630245208740234,0.7364080050304158
672,0.0,0.6577652753447119,,,0.0,0.6577652753447119,0.0,0.6567782064827467
673,0.0,0.7583203139566408,,,0.0,0.7583203139566408,0.0,0.7581715967175611
674,0.0,0.7403288231725854,,,0.0,0.7403288231725854,0.0,0.7394415223552935
675,0.0,0.7274004065275834,,,0.0,0.7274004065275834,0.0,0.7256121687712732
676,0.0,0.753767897390536,,,0.0,0.753767897390536,0.0050389766693115234,0.7536062005921781
677,0.0,0.7929142881210598,,,0.0,0.7929142881210598,0.0,0.7958017237268358
678,0.0,0.789511338375458,,,0.0,0.789511338375458,0.0,0.7937425864319778
679,0.0,0.7277953481672765,,,0.011037588119506836,0.7277953481672765,0.0,0.7279629855959626
680,0.0,0.7067078501852825,,,0.0,0.7067078501852825,0.0,0.7018695275391176
681,0.0,0.7223499791294073,,,0.0,0.7223499791294073,0.0,0.7278613620439798
682,0.0,0.747574785571224,,,0.0,0.747574785571224,0.0,0.7497194217477987
683,0.0,0.6797637176410432,,,0.015654325485229492,0.6797637176410432,0.0,0.6776919616731438
684,0.0,0.7731911148079645,,,0.0,0.7731911148079645,0.0,0.7720377531700373
685,0.0,0.6742349470128439,,,0.0,0.6742349470128439,0.0,0.6713273824177022
686,0.0,0.7341466728826225,,,0.0,0.7341466728826225,0.0,0.7327694919812651
687,0.0,0.7982300940486687,,,0.015636444091796875,0.7982300940486687,0.0,0.7984800324649709
688,0.0,0.6809216821466899,,,0.0,0.6809216821466899,0.0,0.6802389714626637
689,0.0,0.7725461778921702,,,0.0,0.7725461778921702,0.0,0.77569832861697
690,0.0,0.6599898448437946,,,0.0,0.6599898448437946,0.0,0.6591431700778001
691,0.0,0.7103044306186028,,,0.0,0.7103044306186028,0.0,0.7121985351008169
692,0.0,0.7438911385664173,,,0.0,0.7438911385664173,0.0,0.7435274575857977
693,0.0,0.734774458381373,,,0.0,0.734774458381373,0.0,0.7385867408644402
694,0.0,0.6735084059230364,,,0.0,0.6735084059230364,0.0,0.6728540991262008
695,0.0,0.7742916597193623,,,0.0,0.7742916597193623,0.0,0.7746680785401037
696,0.0,0.7367697494219219,,,0.0,0.7367697494219219,0.0,0.7366140156042225
697,0.0,0.7877965204111868,,,0.0,0.7877965204111868,0.0,0.7879102565590941
698,0.0,0.6641701063113703,,,0.0,0.6641701063113703,0.0,0.6623786348247045
699,0.01563096046447754,0.6853623734384758,,,0.0,0.6853623734384758,0.0,0.6852457415388311
700,0.0,0.8047324419654988,,,0.0,0.8047324419654988,0.0,0.8043415871751205
701,0.0,0.7848176153343289,,,0.0,0.7848176153343289,0.011016845703125,0.7883560488625283
702,0.0,0.7452028853102248,,,0.0,0.7452028853102248,0.0,0.7462322155269254
703,0.0,0.6948190823615193,,,0.0,0.6948190823615193,0.0,0.6950683503973565
704,0.0,0.6958979178024232,,,0.0,0.6958979178024232,0.0,0.6930836252618329
705,0.0,0.6309306375773447,,,0.0,0.6309306375773447,0.0,0.6331768030642623
706,0.0,0.7284172075217663,,,0.0,0.7284172075217663,0.015661954879760742,0.7277679246037696
707,0.0,0.5157545686900129,,,0.0,0.5157545686900129,0.0,0.5147221669446669
708,0.0,0.7222441781452981,,,0.0,0.7222441781452981,0.0,0.7224909733117938
709,0.0,0.7176728121419285,,,0.0,0.7176728121419285,0.0,0.7227318893883912
710,0.0,0.7542422962162834,,,0.0,0.7542422962162834,0.01562643051147461,0.7532872457221896
711,0.0,0.7570496996907711,,,0.0,0.7570496996907711,0.0,0.759207404849696
712,0.0,0.7313385228082747,,,0.0,0.7313385228082747,0.0,0.7354701435293594
713,0.0,0.7484804386533842,,,0.0,0.7484804386533842,0.0,0.7508755795368698
714,0.0,0.6106849431569867,,,0.0,0.6106849431569867,0.015630483627319336,0.6076009241791293
715,0.0,0.7728439949445426,,,0.0,0.7728439949445426,0.0,0.7732620044702501
716,0.0,0.7546170986535298,,,0.0,0.7546170986535298,0.0,0.7580919497492421
717,0.0,0.7562989961018353,,,0.0,0.7562989961018353,0.0,0.7557896102413009
718,0.0,0.6754192301573562,,,0.0,0.6754192301573562,0.015630006790161133,0.6791692708137729
719,0.0,0.7179903761249804,,,0.0,0.7179903761249804,0.0,0.7149587109162026
720,0.0,0.7277876169160509,,,0.0,0.7277876169160509,0.0,0.7288371704509585
721,0.0,0.6723983138097753,,,0.0,0.6723983138097753,0.0,0.674183833613333
722,0.0,0.6573305575615999,,,0.0,0.6573305575615999,0.01562976837158203,0.6529797372403928
723,0.0,0.7731440699041549,,,0.0,0.7731440699041549,0.0,0.7760659829001476
724,0.0,0.7293430884303593,,,0.0,0.7293430884303593,0.0,0.7297850712647914
725,0.0,0.6495165181655784,,,0.0,0.6495165181655784,0.0,0.6516942935722507
726,0.0,0.7070864490220531,,,0.015604734420776367,0.7070864490220531,0.0,0.7088175456469954
727,0.0,0.7731396270507369,,,0.0,0.7731396270507369,0.0,0.7713488846317034
728,0.0,0.6488042857327508,,,0.0,0.6488042857327508,0.0,0.6479318210569722
729,0.0,0.7178795274988163,,,0.0,0.7178795274988163,0.0,0.7166231692055612
730,0.0,0.6230370053900572,,,0.0,0.6230370053900572,0.0,0.6216045505476961
731,0.0,0.6758812976825325,,,0.0,0.6758812976825325,0.0,0.6787638064886663
732,0.0,0.5461641664418465,,,0.0,0.5461641664418465,0.0,0.5465366233142359
733,0.0,0.6950670204234809,,,0.0,0.6950670204234809,0.0,0.6964508834301053
734,0.0,0.7229160837791013,,,0.0,0.7229160837791013,0.0,0.724515863117849
735,0.0,0.7162943756703208,,,0.0,0.7162943756703208,0.0,0.7199876425981431
736,0.0,0.6396535518338953,,,0.0,0.6396535518338953,0.0,0.637852110649415
737,0.0,0.7045129233342128,,,0.0,0.7045129233342128,0.0,0.7032605200388051
738,0.0,0.7475416736337099,,,0.0,0.7475416736337099,0.0,0.7461898234404533
739,0.0,0.5902740149829614,,,0.0,0.5902740149829614,0.0,0.5880547814627266
740,0.0,0.7327237773951943,,,0.0,0.7327237773951943,0.0,0.7300809537493782
741,0.0,0.6822805069188348,,,0.0,0.6822805069188348,0.015631437301635742,0.6808326064439039
742,0.0,0.6927819446285228,,,0.0,0.6927819446285228,0.0,0.6935951290859592
743,0.0,0.7733060550207922,,,0.0,0.7733060550207922,0.0,0.77587513938705
744,0.0,0.7257881191692823,,,0.0,0.7257881191692823,0.0,0.7286816702859584
745,0.0,0.7519383789178303,,,0.0,0.7519383789178303,0.0,0.7537371421063208
746,0.0,0.7958544724187471,,,0.0,0.7958544724187471,0.0,0.7949464590444217
747,0.0,0.7710698782794251,,,0.0,0.7710698782794251,0.0,0.7729627612102282
748,0.0,0.753143586698603,,,0.0,0.753143586698603,0.0,0.7574847991436208
749,0.0,0.6769878286595168,,,0.015628576278686523,0.6769878286595168,0.0,0.6762681877275701
750,0.0,0.7911595795157829,,,0.0,0.7911595795157829,0.0,0.7914733669406211
751,0.0,0.7276473703350723,,,0.0075397491455078125,0.7276473703350723,0.0,0.7281694082168634
752,0.0,0.7771446878171482,,,0.0,0.7771446878171482,0.0,0.7767929484927474
753,0.0,0.7281190007932556,,,0.0,0.7281190007932556,0.0,0.7299102999946447
754,0.0,0.6681304222585851,,,0.0,0.6681304222585851,0.0,0.6670163832152323
755,0.0,0.6595665957976096,,,0.0,0.6595665957976096,0.0,0.6587858043231843
756,0.0,0.7593667919416259,,,0.0,0.7593667919416259,0.0,0.7593067639276655
757,0.0,0.6991752836004091,,,0.015659809112548828,0.6991752836004091,0.0,0.6971361560833322
758,0.0,0.7584378190289702,,,0.0,0.7584378190289702,0.0,0.7642275805029477
759,0.0,0.6550941463888054,,,0.0,0.6550941463888054,0.0,0.6561102684829805
760,0.0,0.6325347828503514,,,0.0,0.6325347828503514,0.0,0.6263670845508149
761,0.0,0.7041959699553618,,,0.0,0.7041959699553618,0.0,0.7049400181317805
762,0.0,0.6941907153431157,,,0.0,0.6941907153431157,0.0,0.6926468771795231
763,0.0,0.6966287898507352,,,0.0,0.6966287898507352,0.0,0.6978641440194466
764,0.0,0.7565466855390981,,,0.0,0.7565466855390981,0.0,0.7566991941679354
765,0.0,0.6388541242530716,,,0.0,0.6388541242530716,0.0,0.6361307459762782
766,0.0,0.7630711811859623,,,0.0,0.7630711811859623,0.0,0.7641345456581382
767,0.0,0.7356862081651472,,,0.0,0.7356862081651472,0.0,0.7330181177677259
768,0.0,0.7198056192053321,,,0.0,0.7198056192053321,0.01563262939453125,0.7174430150338116
769,0.0,0.7236383216420894,,,0.0,0.7236383216420894,0.0,0.720181333563378
770,0.0,0.669683077852032,,,0.0,0.669683077852032,0.0,0.6690120475946748
771,0.0,0.7414902200481419,,,0.0,0.7414902200481419,0.0,0.7418107106083522
772,0.0,0.775182311866069,,,0.0,0.775182311866069,0.015630006790161133,0.7767865425389078
773,0.0,0.6783053809025592,,,0.0,0.6783053809025592,0.0,0.6775958175784922
774,0.0,0.7446600319571971,,,0.0,0.7446600319571971,0.0,0.7466738349980812
775,0.0,0.7390766327715771,,,0.0,0.7390766327715771,0.0,0.7388521758024355
776,0.0,0.7991104493327371,,,0.0,0.7991104493327371,0.002515077590942383,0.7987541548878756
777,0.0,0.5630136727973256,,,0.0,0.5630136727973256,0.0,0.5645643272279224
778,0.0,0.7106069844653751,,,0.0,0.7106069844653751,0.0,0.7102579384313668
779,0.0,0.7371812678522922,,,0.0,0.7371812678522922,0.0,0.7362425377692512
780,0.0,0.6927316475977877,,,0.015635013580322266,0.6927316475977877,0.0,0.692601445508884
781,0.0,0.6499256673374909,,,0.0,0.6499256673374909,0.0,0.6505860452520065
782,0.0,0.7060066142295376,,,0.0,0.7060066142295376,0.0,0.7084182181480578
783,0.0,0.751012982250955,,,0.0,0.751012982250955,0.0,0.7503534665044105
784,0.0,0.770489664165644,,,0.0,0.770489664165644,0.0,0.7760762376217526
785,0.0,0.7095442405554815,,,0.0,0.7095442405554815,0.0,0.7122455154708872
786,0.0,0.6817578874905095,,,0.015633344650268555,0.6817578874905095,0.0,0.6819013230874978
787,0.0,0.7375377529331684,,,0.0,0.7375377529331684,0.0,0.7364602952735164
788,0.0,0.6465355415230598,,,0.0,0.6465355415230598,0.0,0.6486194558058404
789,0.0,0.7306950652951345,,,0.0,0.7306950652951345,0.0,0.7298721790190391
790,0.0,0.6102447698111866,,,0.0,0.6102447698111866,0.0,0.6113566959986708
791,0.0,0.6958749949397025,,,0.0,0.6958749949397025,0.0,0.6954945287262018
792,0.0,0.7326598362437831,,,0.0,0.7326598362437831,0.0,0.7316490364129411
793,0.0,0.7045446610911141,,,0.0,0.7045446610911141,0.0,0.7048214008865532
794,0.0,0.7508269277974395,,,0.0,0.7508269277974395,0.0,0.7491245497419408
795,0.0,0.763539707701358,,,0.0,0.763539707701358,0.0,0.764438336568611
796,0.015633106231689453,0.7655845175522192,,,0.0,0.7655845175522192,0.0,0.7661280337172937
797,0.00400853157043457,0.7188942157080354,,,0.0,0.7188942157080354,0.0,0.7174374351011257
798,0.0,0.7194959354080763,,,0.0,0.7194959354080763,0.0,0.7245538280521266
799,0.0,0.7132678476295611,,,0.0,0.7132678476295611,0.0,0.7149363560746047
800,0.0,0.6791558762162611,,,0.0,0.6791558762162611,0.0,0.6794138870347777
801,0.0,0.58312540317628,,,0.0,0.58312540317628,0.0,0.5793947426434516
802,0.0,0.8242985105654995,,,0.0,0.8242985105654995,0.0,0.8244865660929628
803,0.015641212463378906,0.5602393910816936,,,0.0,0.5602393910816936,0.0,0.5571995401821351
804,0.0,0.7531522198735275,,,0.0,0.7531522198735275,0.0,0.7544862332550342
805,0.0,0.7830324831381167,,,0.0,0.7830324831381167,0.0,0.7845514661199968
806,0.0,0.7227808058265677,,,0.0,0.7227808058265677,0.0,0.7221865464914319
807,0.0,0.6547268989105788,,,0.0,0.6547268989105788,0.0,0.6553682171692012
808,0.0,0.7601779231572292,,,0.0,0.7601779231572292,0.0,0.7609414500848884
809,0.01561880111694336,0.7579809369797574,,,0.0,0.7579809369797574,0.0,0.7567608719059775
810,0.0,0.7572526966074664,,,0.0,0.7572526966074664,0.0,0.7547705297300484
811,0.0,0.7468465822580841,,,0.0,0.7468465822580841,0.0,0.7457642367772639
812,0.015624761581420898,0.6932535764534553,,,0.0,0.6932535764534553,0.0,0.6900006929682674
813,0.0,0.7500703523843549,,,0.0,0.7500703523843549,0.0,0.7524791159941273
814,0.0,0.7797222250687132,,,0.0,0.7797222250687132,0.0,0.7797404149261217
815,0.0,0.7109972805861784,,,0.015635967254638672,0.7109972805861784,0.0,0.708718367699454
816,0.0,0.7389886827599914,,,0.0,0.7389886827599914,0.009950637817382812,0.739569608758919
817,0.0,0.79940616068586,,,0.0,0.79940616068586,0.0,0.80169342227678
818,0.0,0.669516570467545,,,0.008006572723388672,0.669516570467545,0.0,0.6650541227159941
819,0.0,0.6707113275440142,,,0.0,0.6707113275440142,0.0,0.6715917826912694
820,0.0,0.6489974176507582,,,0.0,0.6489974176507582,0.0,0.6477677142664637
821,0.0,0.6487780454941181,,,0.0,0.6487780454941181,0.0,0.6495250748860657
822,0.00800323486328125,0.7815167351170518,,,0.0,0.7815167351170518,0.0,0.782084828689392
823,0.0,0.7034392615765221,,,0.008002042770385742,0.7034392615765221,0.0,0.7059733827349723
824,0.0,0.7725175572943025,,,0.008001327514648438,0.7725175572943025,0.0,0.7758990500534089
825,0.008001089096069336,0.6740692445774951,,,0.0,0.6740692445774951,0.0,0.6752568542547457
826,0.0,0.7146937713390028,,,0.0,0.7146937713390028,0.008001565933227539,0.7106416957143629
827,0.0,0.630410873979506,,,0.0,0.630410873979506,0.0,0.6279665697312538
828,0.0,0.6510457739349711,,,0.0,0.6510457739349711,0.0,0.6514152040739898
829,0.0,0.7101445392152612,,,0.0,0.7101445392152612,0.0,0.710594579542259
830,0.0,0.677904471938642,,,0.0,0.677904471938642,0.0,0.6794663841560873
831,0.0,0.8098047821885397,,,0.008029460906982422,0.8098047821885397,0.0,0.811415830410623
832,0.0,0.7385329614145049,,,0.0,0.7385329614145049,0.0,0.737265471902631
833,0.00798797607421875,0.7052748258795711,,,0.0,0.7052748258795711,0.0,0.7086222560444398
834,0.0,0.7008166702859677,,,0.0,0.7008166702859677,0.0,0.7031061054517493
835,0.0,0.6318675713399555,,,0.0,0.6318675713399555,0.0,0.6305539497956194
836,0.0,0.7361249078902213,,,0.0,0.7361249078902213,0.007990598678588867,0.7382500996671565
837,0.0,0.7021192838116341,,,0.0,0.7021192838116341,0.0,0.7001419780088549
838,0.0,0.628408465032495,,,0.00799870491027832,0.628408465032495,0.0,0.6323781578702414
839,0.0,0.6888922036763552,,,0.008000373840332031,0.6888922036763552,0.0,0.6880815735560745
840,0.0,0.7278959236122791,,,0.008015632629394531,0.7278959236122791,0.0,0.7268694845162083
841,0.0,0.7459022758186487,,,0.0,0.7459022758186487,0.0,0.7460833934186586
842,0.00799250602722168,0.6805413247551524,,,0.0,0.6805413247551524,0.0,0.6788940160513304
843,0.0,0.7166102074200897,,,0.0,0.7166102074200897,0.008000373840332031,0.7145502335281084
844,0.0,0.6687417802345688,,,0.0,0.6687417802345688,0.0,0.6689014777040069
845,0.0,0.706015256162688,,,0.0,0.706015256162688,0.007999658584594727,0.7062398015158633
846,0.0,0.7040826511665763,,,0.0,0.7040826511665763,0.008002519607543945,0.7047991184364268
847,0.0,0.7468044765041519,,,0.0,0.7468044765041519,0.0,0.7481360060136055
848,0.0,0.7472508604831847,,,0.0,0.7472508604831847,0.0,0.747369561942852
849,0.0,0.6826429205096451,,,0.0,0.6826429205096451,0.0,0.6835107765374515
850,0.0,0.6875715887986187,,,0.0,0.6875715887986187,0.0,0.6864423664464803
851,0.0,0.7442065632150208,,,0.0,0.7442065632150208,0.0,0.7431947970450332
852,0.008000612258911133,0.6889012776950714,,,0.0,0.6889012776950714,0.0,0.6894118913464242
853,0.0,0.7542644169563052,,,0.0,0.7542644169563052,0.0,0.756564496484607
854,0.0,0.7448069139322654,,,0.008004188537597656,0.7448069139322654,0.0,0.7483179796491357
855,0.0,0.7430312185216141,,,0.007997751235961914,0.7430312185216141,0.0,0.7435814221846382
856,0.0,0.6832322114688749,,,0.0,0.6832322114688749,0.0,0.6809731126723907
857,0.0,0.6896316986699125,,,0.0,0.6896316986699125,0.008001327514648438,0.686763925952792
858,0.0,0.7560693792325813,,,0.0,0.7560693792325813,0.008001327514648438,0.7574236811457044
859,0.0,0.7074712194563607,,,0.0,0.7074712194563607,0.00798177719116211,0.7073052768220701
860,0.0,0.754948517850627,,,0.0,0.754948517850627,0.0,0.756226786606221
861,0.0,0.6255810024501695,,,0.0,0.6255810024501695,0.0,0.6315178381651749
862,0.0,0.708288436795355,,,0.0,0.708288436795355,0.0,0.7099662684465492
863,0.0,0.7656983316247328,,,0.0,0.7656983316247328,0.008021354675292969,0.76580190816064
864,0.0,0.6515341468318985,,,0.0,0.6515341468318985,0.0,0.6497894120196113
865,0.0,0.7456123851819998,,,0.007982492446899414,0.7456123851819998,0.0,0.7462328993464545
866,0.0,0.6897763377692598,,,0.008006572723388672,0.6897763377692598,0.0,0.691419575898478
867,0.0,0.7745126487027654,,,0.007999897003173828,0.7745126487027654,0.0,0.7766548301314217
868,0.0,0.5804254061657614,,,0.0,0.5804254061657614,0.0,0.5780098082588578
869,0.0,0.7071274095251944,,,0.0,0.7071274095251944,0.0,0.7086042015174239
870,0.0,0.7814077608317119,,,0.0,0.7814077608317119,0.0,0.7817645968952469
871,0.0,0.6641342708100694,,,0.0,0.6641342708100694,0.0,0.663471192951939
872,0.0,0.6052559145579017,,,0.008369207382202148,0.6052559145579017,0.0,0.6043218017036571
873,0.0,0.750487296973952,,,0.009264707565307617,0.750487296973952,0.0,0.7501836644031873
874,0.0,0.7578858270046375,,,0.0,0.7578858270046375,0.0,0.757959744270718
875,0.0,0.7142314562980684,,,0.0,0.7142314562980684,0.0,0.7132170613104847
876,0.0,0.7087714423639988,,,0.0,0.7087714423639988,0.0,0.7091988348663447
877,0.0,0.8051468346157277,,,0.0,0.8051468346157277,0.0,0.8074706914189349
878,0.0,0.6460589907548715,,,0.0,0.6460589907548715,0.0,0.6425317716702998
879,0.0,0.7989528939941892,,,0.0,0.7989528939941892,0.0,0.7981694859633082
880,0.0,0.7260686524005666,,,0.0,0.7260686524005666,0.0,0.7267481167039617
881,0.0,0.7234656385657343,,,0.0,0.7234656385657343,0.0,0.7232194471850513
882,0.0,0.6588555482560652,,,0.0,0.6588555482560652,0.0,0.6590188381159738
883,0.0,0.7747161836259489,,,0.0,0.7747161836259489,0.0,0.7762431894641881
884,0.0,0.7618774999540041,,,0.0,0.7618774999540041,0.01562786102294922,0.7642141772486248
885,0.0,0.7622592067094185,,,0.0,0.7622592067094185,0.0,0.7650458800881922
886,0.0,0.6847000083773845,,,0.0,0.6847000083773845,0.0,0.6845255057683544
887,0.0,0.7055424720937384,,,0.0,0.7055424720937384,0.0,0.7049491467460579
888,0.0,0.764493159425038,,,0.0,0.764493159425038,0.012508392333984375,0.7645556670721104
889,0.0,0.7847906969581795,,,0.0,0.7847906969581795,0.0,0.7828312407966472
890,0.0,0.7218466831274568,,,0.0,0.7218466831274568,0.0,0.721546895132196
891,0.0,0.702601353870736,,,0.0,0.702601353870736,0.0,0.7025377301095099
892,0.0,0.5467657664163603,,,0.0,0.5467657664163603,0.015659809112548828,0.5440058574189511
893,0.0,0.7088111555756988,,,0.0,0.7088111555756988,0.0,0.708013691610123
894,0.0,0.6543698370003819,,,0.0,0.6543698370003819,0.0,0.6554657367998556
895,0.0,0.7384767172868539,,,0.0,0.7384767172868539,0.0,0.7396064193372187
896,0.0,0.6485907090140335,,,0.015627384185791016,0.6485907090140335,0.0,0.6464428598744865
897,0.0,0.7625332953480275,,,0.0,0.7625332953480275,0.0,0.7626779422785075
898,0.0,0.7420176771857623,,,0.0,0.7420176771857623,0.0,0.741563902931796
899,0.0,0.6868598984532559,,,0.0,0.6868598984532559,0.0,0.6888763048337061
900,0.0,0.7301109059215306,,,0.01563286781311035,0.7301109059215306,0.0,0.72849813277056
901,0.0,0.7304451367589382,,,0.0,0.7304451367589382,0.0,0.7309441637851122
902,0.0,0.7897718181790777,,,0.0,0.7897718181790777,0.0,0.7912854913661906
903,0.0,0.7459110459324152,,,0.0,0.7459110459324152,0.0,0.7482450888905718
904,0.0,0.7710208063417542,,,0.01562809944152832,0.7710208063417542,0.0,0.7746103926768899
905,0.0,0.6958758101921321,,,0.0,0.6958758101921321,0.0,0.6977483070839318
906,0.0,0.6536364166960785,,,0.0,0.6536364166960785,0.0,0.6558147574795965
907,0.0,0.6614567585294977,,,0.0,0.6614567585294977,0.0,0.6601899783766603
908,0.0156252384185791,0.6563232831399386,,,0.0,0.6563232831399386,0.0,0.6567140052184652
909,0.0,0.7068379919646293,,,0.0,0.7068379919646293,0.0,0.70626410848557
910,0.0,0.7402488536586658,,,0.0,0.7402488536586658,0.0,0.7386127733395033
911,0.0,0.6834849070116712,,,0.0,0.6834849070116712,0.0,0.6863611631761444
912,0.006539583206176758,0.6711394094307312,,,0.0,0.6711394094307312,0.0,0.6711252528217024
913,0.0,0.5684905066802814,,,0.0,0.5684905066802814,0.0,0.5705008025768876
914,0.0,0.7078938893245568,,,0.0,0.7078938893245568,0.0,0.7109429569526411
915,0.0,0.6562748658597457,,,0.0,0.6562748658597457,0.0,0.6567305835004111
916,0.015655040740966797,0.7285737205180183,,,0.0,0.7285737205180183,0.0,0.7316273743616267
917,0.0,0.5463801508652745,,,0.0,0.5463801508652745,0.0,0.5561897027538569
918,0.0,0.7613759876770623,,,0.0,0.7613759876770623,0.0,0.7600287898259063
919,0.0,0.6754562871105911,,,0.0,0.6754562871105911,0.0,0.6742756317870242
920,0.0,0.735167388744638,,,0.0,0.735167388744638,0.0,0.7387590070865604
921,0.0,0.7078015722845747,,,0.0,0.7078015722845747,0.0,0.708738961832407
922,0.0,0.7939468350599104,,,0.0,0.7939468350599104,0.0,0.7916422129873675
923,0.0,0.6775874254351175,,,0.0,0.6775874254351175,0.015630006790161133,0.6799229134340612
924,0.0,0.7257246684730214,,,0.0,0.7257246684730214,0.0,0.7271815350854273
925,0.0,0.7765329068174769,,,0.0,0.7765329068174769,0.0,0.7791848326077089
926,0.0,0.75104293313341,,,0.0,0.75104293313341,0.0,0.7518632204276181
927,0.0,0.6050082732030724,,,0.0,0.6050082732030724,0.0156252384185791,0.6016141069715825
928,0.0,0.7774937918925605,,,0.0,0.7774937918925605,0.0,0.7763495362328598
929,0.0,0.7197775937865555,,,0.0,0.7197775937865555,0.0,0.7232969213924084
930,0.0,0.7361899926194677,,,0.0,0.7361899926194677,0.0,0.7374610703703839
931,0.0,0.7122727891714395,,,0.0,0.7122727891714395,0.0,0.711343528850133
932,0.0,0.6920669531784465,,,0.0,0.6920669531784465,0.0,0.6906323760088786
933,0.0,0.681371120986646,,,0.0,0.681371120986646,0.0,0.6809627996021088
934,0.0,0.7418827799283884,,,0.015643835067749023,0.7418827799283884,0.0,0.7419480575931479
935,0.0,0.7728482655932922,,,0.0,0.7728482655932922,0.0,0.7748387246558628
936,0.0,0.746025507315176,,,0.0,0.746025507315176,0.015623331069946289,0.745705942270372
937,0.0,0.7251047912504607,,,0.0,0.7251047912504607,0.0,0.7255118177296287
938,0.0,0.7455692118946635,,,0.0,0.7455692118946635,0.01562786102294922,0.7464742417889483
939,0.0,0.6897455821301064,,,0.0,0.6897455821301064,0.0,0.6899664321781989
940,0.0,0.6996655067787646,,,0.0,0.6996655067787646,0.008002996444702148,0.7009647654159664
941,0.0,0.6910316459865333,,,0.0,0.6910316459865333,0.0,0.6966650240789831
942,0.0,0.8092212747735855,,,0.0,0.8092212747735855,0.007995367050170898,0.8102142787655703
943,0.0,0.7727280952861084,,,0.0,0.7727280952861084,0.0,0.7723072144751246
944,0.0,0.7487992278385129,,,0.0,0.7487992278385129,0.008008480072021484,0.748390267238076
945,0.0,0.7071258670080937,,,0.0,0.7071258670080937,0.0,0.7098150476140118
946,0.0,0.6494202722877966,,,0.0,0.6494202722877966,0.0,0.6537146987004141
947,0.0,0.7604042766595684,,,0.0,0.7604042766595684,0.0,0.7614512661579717
948,0.0,0.6944510973253539,,,0.0,0.6944510973253539,0.0,0.6934813941931111
949,0.0,0.727120537614482,,,0.0,0.727120537614482,0.0,0.730246546103551
950,0.0,0.7245665297203754,,,0.0,0.7245665297203754,0.0040130615234375,0.7236726480133888
951,0.0,0.7291406682078786,,,0.0,0.7291406682078786,0.0,0.7274781862223272
952,0.0,0.801317289837204,,,0.0,0.801317289837204,0.0,0.8024717309957458
953,0.0,0.8095481192945173,,,0.0,0.8095481192945173,0.012020111083984375,0.8123038866316837
954,0.0,0.7769569784687067,,,0.0,0.7769569784687067,0.0,0.7762202528129392
955,0.0,0.7438904200343079,,,0.0,0.7438904200343079,0.0,0.7439133445585125
956,0.0,0.6504346940007077,,,0.0,0.6504346940007077,0.0,0.6492156893051519
957,0.0,0.7416453113669759,,,0.01563549041748047,0.7416453113669759,0.0,0.7453617411494079
958,0.0,0.7989996795165206,,,0.0,0.7989996795165206,0.0,0.8006973626167333
959,0.0,0.6923703668767358,,,0.0,0.6923703668767358,0.0,0.692988919111683
960,0.0,0.7577614727509527,,,0.0,0.7577614727509527,0.0,0.7582232975637755
961,0.0,0.6782318187978875,,,0.0,0.6782318187978875,0.0,0.6757890708891372
962,0.0,0.6909907540139562,,,0.0,0.6909907540139562,0.0,0.6895081705173867
963,0.0,0.6999224540918879,,,0.0,0.6999224540918879,0.015632152557373047,0.7015955210685005
964,0.0,0.7554166905501098,,,0.0,0.7554166905501098,0.0,0.7574379107348344
965,0.0,0.6890990665871237,,,0.0,0.6890990665871237,0.0,0.6908260333943231
966,0.0,0.7243409641485126,,,0.0,0.7243409641485126,0.0,0.7252431774285802
967,0.0,0.6551465141638193,,,0.0,0.6551465141638193,0.0,0.655349005779581
968,0.0,0.7278069002457455,,,0.0,0.7278069002457455,0.0,0.7296459722938058
969,0.0,0.7370501179691771,,,0.0,0.7370501179691771,0.0,0.7381061002481338
970,0.0,0.6822475199599646,,,0.0,0.6822475199599646,0.0,0.6784621140877772
971,0.0,0.6525402716577782,,,0.01563429832458496,0.6525402716577782,0.0,0.6539613153973483
972,0.0,0.8067130998727046,,,0.0,0.8067130998727046,0.0,0.810892267182058
973,0.0,0.7282213086545541,,,0.0,0.7282213086545541,0.010037422180175781,0.7276719572200625
974,0.0,0.7268325860026097,,,0.0,0.7268325860026097,0.0,0.7277835157499077
975,0.0,0.7560330489799438,,,0.0,0.7560330489799438,0.0,0.7577066834882002
976,0.0,0.6825880864184539,,,0.0,0.6825880864184539,0.0,0.6851418057036505
977,0.0,0.7111250369619251,,,0.0,0.7111250369619251,0.0,0.7104324192616283
978,0.0,0.7174082851260306,,,0.0,0.7174082851260306,0.0,0.7166207394185171
979,0.0,0.7761378584566604,,,0.0,0.7761378584566604,0.0,0.7801935886455862
980,0.0,0.7670877465649057,,,0.0,0.7670877465649057,0.0,0.7680927386750929
981,0.0,0.7495304693462768,,,0.0,0.7495304693462768,0.0,0.7498704354609604
982,0.0,0.7350530740251187,,,0.0,0.7350530740251187,0.0,0.7365751343798139
983,0.015620708465576172,0.7035775015842074,,,0.0,0.7035775015842074,0.0,0.7029656127509374
984,0.0,0.7575557122199934,,,0.0,0.7575557122199934,0.0,0.7607735699459219
985,0.0,0.7171148658782737,,,0.0,0.7171148658782737,0.0,0.7146805646707408
986,0.0,0.7140607039417901,,,0.0,0.7140607039417901,0.0,0.7128507228215972
987,0.0,0.7229592772868183,,,0.0,0.7229592772868183,0.0,0.7256371176704981
988,0.0,0.7291714661499428,,,0.0,0.7291714661499428,0.0,0.7279371675267255
989,0.0,0.743846710702313,,,0.0,0.743846710702313,0.0,0.7459610583478056
990,0.0,0.728329288747136,,,0.0,0.728329288747136,0.015636920928955078,0.7280016967779075
991,0.0,0.7115397480932482,,,0.0,0.7115397480932482,0.0,0.7155073373134622
992,0.0,0.7322575841125438,,,0.0,0.7322575841125438,0.0,0.7306913263441808
993,0.0,0.7314581781456857,,,0.0,0.7314581781456857,0.0,0.7331256838566778
994,0.0,0.6166909156643062,,,0.0,0.6166909156643062,0.015627145767211914,0.6160318349900717
995,0.0,0.7300586073881463,,,0.0,0.7300586073881463,0.0,0.7295113389218255
996,0.0,0.6821054157151876,,,0.0,0.6821054157151876,0.0,0.6780393189618197
997,0.0,0.6532424718387363,,,0.0,0.6532424718387363,0.0,0.653423040143258
998,0.0,0.7159042995579545,,,0.01564812660217285,0.7159042995579545,0.0,0.7162559773237769
999,0.0,0.6630764291354219,,,0.0,0.6630764291354219,0.0,0.6612988415276138
1000,0.0,0.6880304908110679,,,0.0,0.6880304908110679,0.0,0.6912764725169025
